4550,7580,870,910,900,820,850,990,820,1070
4550,7582,870,890,900,800,850,970,820,1050
4550,7584,870,870,900,780,850,950,820,1030
4550,7586,870,850,900,760,850,930,820,1010
4550,7588,870,830,900,740,850,910,820,990
4550,7590,870,810,900,720,850,890,820,970
4550,7592,870,790,900,700,850,870,820,950
4550,7594,870,770,900,680,850,850,820,930
4550,7596,870,750,900,660,850,830,820,910
4550,7598,870,730,900,640,850,810,820,890
4550,7600,870,710,900,620,850,790,820,870
4550,7602,870,690,900,600,850,770,820,850
4550,7604,870,670,900,580,850,750,820,830
4550,7606,870,650,900,560,850,730,820,810
4550,7608,870,630,900,540,850,710,820,790
4550,7610,870,610,900,520,850,690,820,770
4550,7612,870,590,900,500,850,670,820,750
4550,7614,870,570,900,480,850,650,820,730
4550,7616,870,550,900,460,850,630,820,710
4550,7618,870,530,900,440,850,610,820,690
4550,7620,870,510,900,420,850,590,820,670
4550,7622,870,490,900,400,850,570,820,650
4550,7624,870,470,900,380,850,550,820,630
4550,7626,870,450,900,360,850,530,820,610
4550,7628,870,430,900,340,850,510,820,590
4550,7630,870,410,900,320,850,490,820,570
4550,7632,870,390,900,300,850,470,820,550
4550,7634,870,370,900,280,850,450,820,530
4550,7636,870,350,900,260,850,430,820,510
4550,7638,870,330,900,240,850,410,820,490
4550,7640,870,310,900,220,850,390,820,470
4550,7642,870,290,900,200,850,370,820,450
4550,7644,870,270,900,180,850,350,820,430
4550,7646,870,250,900,160,850,330,820,410
4550,7648,870,230,900,140,850,310,820,390
4550,7650,870,210,900,120,850,290,820,370
4550,7652,870,190,900,100,850,270,820,350
4550,7654,870,170,900,80,850,250,820,330
4550,7656,870,150,900,60,850,230,820,310
4550,7658,870,130,900,40,850,210,820,290
4552,7580,850,910,880,820,830,990,800,1070
4552,7582,850,890,880,800,830,970,800,1050
4552,7584,850,870,880,780,830,950,800,1030
4552,7586,850,850,880,760,830,930,800,1010
4552,7588,850,830,880,740,830,910,800,990
4552,7590,850,810,880,720,830,890,800,970
4552,7592,850,790,880,700,830,870,800,950
4552,7594,850,770,880,680,830,850,800,930
4552,7596,850,750,880,660,830,830,800,910
4552,7598,850,730,880,640,830,810,800,890
4552,7600,850,710,880,620,830,790,800,870
4552,7602,850,690,880,600,830,770,800,850
4552,7604,850,670,880,580,830,750,800,830
4552,7606,850,650,880,560,830,730,800,810
4552,7608,850,630,880,540,830,710,800,790
4552,7610,850,610,880,520,830,690,800,770
4552,7612,850,590,880,500,830,670,800,750
4552,7614,850,570,880,480,830,650,800,730
4552,7616,850,550,880,460,830,630,800,710
4552,7618,850,530,880,440,830,610,800,690
4552,7620,850,510,880,420,830,590,800,670
4552,7622,850,490,880,400,830,570,800,650
4552,7624,850,470,880,380,830,550,800,630
4552,7626,850,450,880,360,830,530,800,610
4552,7628,850,430,880,340,830,510,800,590
4552,7630,850,410,880,320,830,490,800,570
4552,7632,850,390,880,300,830,470,800,550
4552,7634,850,370,880,280,830,450,800,530
4552,7636,850,350,880,260,830,430,800,510
4552,7638,850,330,880,240,830,410,800,490
4552,7640,850,310,880,220,830,390,800,470
4552,7642,850,290,880,200,830,370,800,450
4552,7644,850,270,880,180,830,350,800,430
4552,7646,850,250,880,160,830,330,800,410
4552,7648,850,230,880,140,830,310,800,390
4552,7650,850,210,880,120,830,290,800,370
4552,7652,850,190,880,100,830,270,800,350
4552,7654,850,170,880,80,830,250,800,330
4552,7656,850,150,880,60,830,230,800,310
4552,7658,850,130,880,40,830,210,800,290
4554,7580,830,910,860,820,810,990,780,1070
4554,7582,830,890,860,800,810,970,780,1050
4554,7584,830,870,860,780,810,950,780,1030
4554,7586,830,850,860,760,810,930,780,1010
4554,7588,830,830,860,740,810,910,780,990
4554,7590,830,810,860,720,810,890,780,970
4554,7592,830,790,860,700,810,870,780,950
4554,7594,830,770,860,680,810,850,780,930
4554,7596,830,750,860,660,810,830,780,910
4554,7598,830,730,860,640,810,810,780,890
4554,7600,830,710,860,620,810,790,780,870
4554,7602,830,690,860,600,810,770,780,850
4554,7604,830,670,860,580,810,750,780,830
4554,7606,830,650,860,560,810,730,780,810
4554,7608,830,630,860,540,810,710,780,790
4554,7610,830,610,860,520,810,690,780,770
4554,7612,830,590,860,500,810,670,780,750
4554,7614,830,570,860,480,810,650,780,730
4554,7616,830,550,860,460,810,630,780,710
4554,7618,830,530,860,440,810,610,780,690
4554,7620,830,510,860,420,810,590,780,670
4554,7622,830,490,860,400,810,570,780,650
4554,7624,830,470,860,380,810,550,780,630
4554,7626,830,450,860,360,810,530,780,610
4554,7628,830,430,860,340,810,510,780,590
4554,7630,830,410,860,320,810,490,780,570
4554,7632,830,390,860,300,810,470,780,550
4554,7634,830,370,860,280,810,450,780,530
4554,7636,830,350,860,260,810,430,780,510
4554,7638,830,330,860,240,810,410,780,490
4554,7640,830,310,860,220,810,390,780,470
4554,7642,830,290,860,200,810,370,780,450
4554,7644,830,270,860,180,810,350,780,430
4554,7646,830,250,860,160,810,330,780,410
4554,7648,830,230,860,140,810,310,780,390
4554,7650,830,210,860,120,810,290,780,370
4554,7652,830,190,860,100,810,270,780,350
4554,7654,830,170,860,80,810,250,780,330
4554,7656,830,150,860,60,810,230,780,310
4554,7658,830,130,860,40,810,210,780,290
4556,7580,810,910,840,820,790,990,760,1070
4556,7582,810,890,840,800,790,970,760,1050
4556,7584,810,870,840,780,790,950,760,1030
4556,7586,810,850,840,760,790,930,760,1010
4556,7588,810,830,840,740,790,910,760,990
4556,7590,810,810,840,720,790,890,760,970
4556,7592,810,790,840,700,790,870,760,950
4556,7594,810,770,840,680,790,850,760,930
4556,7596,810,750,840,660,790,830,760,910
4556,7598,810,730,840,640,790,810,760,890
4556,7600,810,710,840,620,790,790,760,870
4556,7602,810,690,840,600,790,770,760,850
4556,7604,810,670,840,580,790,750,760,830
4556,7606,810,650,840,560,790,730,760,810
4556,7608,810,630,840,540,790,710,760,790
4556,7610,810,610,840,520,790,690,760,770
4556,7612,810,590,840,500,790,670,760,750
4556,7614,810,570,840,480,790,650,760,730
4556,7616,810,550,840,460,790,630,760,710
4556,7618,810,530,840,440,790,610,760,690
4556,7620,810,510,840,420,790,590,760,670
4556,7622,810,490,840,400,790,570,760,650
4556,7624,810,470,840,380,790,550,760,630
4556,7626,810,450,840,360,790,530,760,610
4556,7628,810,430,840,340,790,510,760,590
4556,7630,810,410,840,320,790,490,760,570
4556,7632,810,390,840,300,790,470,760,550
4556,7634,810,370,840,280,790,450,760,530
4556,7636,810,350,840,260,790,430,760,510
4556,7638,810,330,840,240,790,410,760,490
4556,7640,810,310,840,220,790,390,760,470
4556,7642,810,290,840,200,790,370,760,450
4556,7644,810,270,840,180,790,350,760,430
4556,7646,810,250,840,160,790,330,760,410
4556,7648,810,230,840,140,790,310,760,390
4556,7650,810,210,840,120,790,290,760,370
4556,7652,810,190,840,100,790,270,760,350
4556,7654,810,170,840,80,790,250,760,330
4556,7656,810,150,840,60,790,230,760,310
4556,7658,810,130,840,40,790,210,760,290
4558,7580,790,910,820,820,770,990,740,1070
4558,7582,790,890,820,800,770,970,740,1050
4558,7584,790,870,820,780,770,950,740,1030
4558,7586,790,850,820,760,770,930,740,1010
4558,7588,790,830,820,740,770,910,740,990
4558,7590,790,810,820,720,770,890,740,970
4558,7592,790,790,820,700,770,870,740,950
4558,7594,790,770,820,680,770,850,740,930
4558,7596,790,750,820,660,770,830,740,910
4558,7598,790,730,820,640,770,810,740,890
4558,7600,790,710,820,620,770,790,740,870
4558,7602,790,690,820,600,770,770,740,850
4558,7604,790,670,820,580,770,750,740,830
4558,7606,790,650,820,560,770,730,740,810
4558,7608,790,630,820,540,770,710,740,790
4558,7610,790,610,820,520,770,690,740,770
4558,7612,790,590,820,500,770,670,740,750
4558,7614,790,570,820,480,770,650,740,730
4558,7616,790,550,820,460,770,630,740,710
4558,7618,790,530,820,440,770,610,740,690
4558,7620,790,510,820,420,770,590,740,670
4558,7622,790,490,820,400,770,570,740,650
4558,7624,790,470,820,380,770,550,740,630
4558,7626,790,450,820,360,770,530,740,610
4558,7628,790,430,820,340,770,510,740,590
4558,7630,790,410,820,320,770,490,740,570
4558,7632,790,390,820,300,770,470,740,550
4558,7634,790,370,820,280,770,450,740,530
4558,7636,790,350,820,260,770,430,740,510
4558,7638,790,330,820,240,770,410,740,490
4558,7640,790,310,820,220,770,390,740,470
4558,7642,790,290,820,200,770,370,740,450
4558,7644,790,270,820,180,770,350,740,430
4558,7646,790,250,820,160,770,330,740,410
4558,7648,790,230,820,140,770,310,740,390
4558,7650,790,210,820,120,770,290,740,370
4558,7652,790,190,820,100,770,270,740,350
4558,7654,790,170,820,80,770,250,740,330
4558,7656,790,150,820,60,770,230,740,310
4558,7658,790,130,820,40,770,210,740,290
4560,7580,770,910,800,820,750,990,720,1070
4560,7582,770,890,800,800,750,970,720,1050
4560,7584,770,870,800,780,750,950,720,1030
4560,7586,770,850,800,760,750,930,720,1010
4560,7588,770,830,800,740,750,910,720,990
4560,7590,770,810,800,720,750,890,720,970
4560,7592,770,790,800,700,750,870,720,950
4560,7594,770,770,800,680,750,850,720,930
4560,7596,770,750,800,660,750,830,720,910
4560,7598,770,730,800,640,750,810,720,890
4560,7600,770,710,800,620,750,790,720,870
4560,7602,770,690,800,600,750,770,720,850
4560,7604,770,670,800,580,750,750,720,830
4560,7606,770,650,800,560,750,730,720,810
4560,7608,770,630,800,540,750,710,720,790
4560,7610,770,610,800,520,750,690,720,770
4560,7612,770,590,800,500,750,670,720,750
4560,7614,770,570,800,480,750,650,720,730
4560,7616,770,550,800,460,750,630,720,710
4560,7618,770,530,800,440,750,610,720,690
4560,7620,770,510,800,420,750,590,720,670
4560,7622,770,490,800,400,750,570,720,650
4560,7624,770,470,800,380,750,550,720,630
4560,7626,770,450,800,360,750,530,720,610
4560,7628,770,430,800,340,750,510,720,590
4560,7630,770,410,800,320,750,490,720,570
4560,7632,770,390,800,300,750,470,720,550
4560,7634,770,370,800,280,750,450,720,530
4560,7636,770,350,800,260,750,430,720,510
4560,7638,770,330,800,240,750,410,720,490
4560,7640,770,310,800,220,750,390,720,470
4560,7642,770,290,800,200,750,370,720,450
4560,7644,770,270,800,180,750,350,720,430
4560,7646,770,250,800,160,750,330,720,410
4560,7648,770,230,800,140,750,310,720,390
4560,7650,770,210,800,120,750,290,720,370
4560,7652,770,190,800,100,750,270,720,350
4560,7654,770,170,800,80,750,250,720,330
4560,7656,770,150,800,60,750,230,720,310
4560,7658,770,130,800,40,750,210,720,290
4562,7580,750,910,780,820,730,990,700,1070
4562,7582,750,890,780,800,730,970,700,1050
4562,7584,750,870,780,780,730,950,700,1030
4562,7586,750,850,780,760,730,930,700,1010
4562,7588,750,830,780,740,730,910,700,990
4562,7590,750,810,780,720,730,890,700,970
4562,7592,750,790,780,700,730,870,700,950
4562,7594,750,770,780,680,730,850,700,930
4562,7596,750,750,780,660,730,830,700,910
4562,7598,750,730,780,640,730,810,700,890
4562,7600,750,710,780,620,730,790,700,870
4562,7602,750,690,780,600,730,770,700,850
4562,7604,750,670,780,580,730,750,700,830
4562,7606,750,650,780,560,730,730,700,810
4562,7608,750,630,780,540,730,710,700,790
4562,7610,750,610,780,520,730,690,700,770
4562,7612,750,590,780,500,730,670,700,750
4562,7614,750,570,780,480,730,650,700,730
4562,7616,750,550,780,460,730,630,700,710
4562,7618,750,530,780,440,730,610,700,690
4562,7620,750,510,780,420,730,590,700,670
4562,7622,750,490,780,400,730,570,700,650
4562,7624,750,470,780,380,730,550,700,630
4562,7626,750,450,780,360,730,530,700,610
4562,7628,750,430,780,340,730,510,700,590
4562,7630,750,410,780,320,730,490,700,570
4562,7632,750,390,780,300,730,470,700,550
4562,7634,750,370,780,280,730,450,700,530
4562,7636,750,350,780,260,730,430,700,510
4562,7638,750,330,780,240,730,410,700,490
4562,7640,750,310,780,220,730,390,700,470
4562,7642,750,290,780,200,730,370,700,450
4562,7644,750,270,780,180,730,350,700,430
4562,7646,750,250,780,160,730,330,700,410
4562,7648,750,230,780,140,730,310,700,390
4562,7650,750,210,780,120,730,290,700,370
4562,7652,750,190,780,100,730,270,700,350
4562,7654,750,170,780,80,730,250,700,330
4562,7656,750,150,780,60,730,230,700,310
4562,7658,750,130,780,40,730,210,700,290
4564,7580,730,910,760,820,710,990,680,1070
4564,7582,730,890,760,800,710,970,680,1050
4564,7584,730,870,760,780,710,950,680,1030
4564,7586,730,850,760,760,710,930,680,1010
4564,7588,730,830,760,740,710,910,680,990
4564,7590,730,810,760,720,710,890,680,970
4564,7592,730,790,760,700,710,870,680,950
4564,7594,730,770,760,680,710,850,680,930
4564,7596,730,750,760,660,710,830,680,910
4564,7598,730,730,760,640,710,810,680,890
4564,7600,730,710,760,620,710,790,680,870
4564,7602,730,690,760,600,710,770,680,850
4564,7604,730,670,760,580,710,750,680,830
4564,7606,730,650,760,560,710,730,680,810
4564,7608,730,630,760,540,710,710,680,790
4564,7610,730,610,760,520,710,690,680,770
4564,7612,730,590,760,500,710,670,680,750
4564,7614,730,570,760,480,710,650,680,730
4564,7616,730,550,760,460,710,630,680,710
4564,7618,730,530,760,440,710,610,680,690
4564,7620,730,510,760,420,710,590,680,670
4564,7622,730,490,760,400,710,570,680,650
4564,7624,730,470,760,380,710,550,680,630
4564,7626,730,450,760,360,710,530,680,610
4564,7628,730,430,760,340,710,510,680,590
4564,7630,730,410,760,320,710,490,680,570
4564,7632,730,390,760,300,710,470,680,550
4564,7634,730,370,760,280,710,450,680,530
4564,7636,730,350,760,260,710,430,680,510
4564,7638,730,330,760,240,710,410,680,490
4564,7640,730,310,760,220,710,390,680,470
4564,7642,730,290,760,200,710,370,680,450
4564,7644,730,270,760,180,710,350,680,430
4564,7646,730,250,760,160,710,330,680,410
4564,7648,730,230,760,140,710,310,680,390
4564,7650,730,210,760,120,710,290,680,370
4564,7652,730,190,760,100,710,270,680,350
4564,7654,730,170,760,80,710,250,680,330
4564,7656,730,150,760,60,710,230,680,310
4564,7658,730,130,760,40,710,210,680,290
4566,7580,710,910,740,820,690,990,660,1070
4566,7582,710,890,740,800,690,970,660,1050
4566,7584,710,870,740,780,690,950,660,1030
4566,7586,710,850,740,760,690,930,660,1010
4566,7588,710,830,740,740,690,910,660,990
4566,7590,710,810,740,720,690,890,660,970
4566,7592,710,790,740,700,690,870,660,950
4566,7594,710,770,740,680,690,850,660,930
4566,7596,710,750,740,660,690,830,660,910
4566,7598,710,730,740,640,690,810,660,890
4566,7600,710,710,740,620,690,790,660,870
4566,7602,710,690,740,600,690,770,660,850
4566,7604,710,670,740,580,690,750,660,830
4566,7606,710,650,740,560,690,730,660,810
4566,7608,710,630,740,540,690,710,660,790
4566,7610,710,610,740,520,690,690,660,770
4566,7612,710,590,740,500,690,670,660,750
4566,7614,710,570,740,480,690,650,660,730
4566,7616,710,550,740,460,690,630,660,710
4566,7618,710,530,740,440,690,610,660,690
4566,7620,710,510,740,420,690,590,660,670
4566,7622,710,490,740,400,690,570,660,650
4566,7624,710,470,740,380,690,550,660,630
4566,7626,710,450,740,360,690,530,660,610
4566,7628,710,430,740,340,690,510,660,590
4566,7630,710,410,740,320,690,490,660,570
4566,7632,710,390,740,300,690,470,660,550
4566,7634,710,370,740,280,690,450,660,530
4566,7636,710,350,740,260,690,430,660,510
4566,7638,710,330,740,240,690,410,660,490
4566,7640,710,310,740,220,690,390,660,470
4566,7642,710,290,740,200,690,370,660,450
4566,7644,710,270,740,180,690,350,660,430
4566,7646,710,250,740,160,690,330,660,410
4566,7648,710,230,740,140,690,310,660,390
4566,7650,710,210,740,120,690,290,660,370
4566,7652,710,190,740,100,690,270,660,350
4566,7654,710,170,740,80,690,250,660,330
4566,7656,710,150,740,60,690,230,660,310
4566,7658,710,130,740,40,690,210,660,290
4568,7580,690,910,720,820,670,990,640,1070
4568,7582,690,890,720,800,670,970,640,1050
4568,7584,690,870,720,780,670,950,640,1030
4568,7586,690,850,720,760,670,930,640,1010
4568,7588,690,830,720,740,670,910,640,990
4568,7590,690,810,720,720,670,890,640,970
4568,7592,690,790,720,700,670,870,640,950
4568,7594,690,770,720,680,670,850,640,930
4568,7596,690,750,720,660,670,830,640,910
4568,7598,690,730,720,640,670,810,640,890
4568,7600,690,710,720,620,670,790,640,870
4568,7602,690,690,720,600,670,770,640,850
4568,7604,690,670,720,580,670,750,640,830
4568,7606,690,650,720,560,670,730,640,810
4568,7608,690,630,720,540,670,710,640,790
4568,7610,690,610,720,520,670,690,640,770
4568,7612,690,590,720,500,670,670,640,750
4568,7614,690,570,720,480,670,650,640,730
4568,7616,690,550,720,460,670,630,640,710
4568,7618,690,530,720,440,670,610,640,690
4568,7620,690,510,720,420,670,590,640,670
4568,7622,690,490,720,400,670,570,640,650
4568,7624,690,470,720,380,670,550,640,630
4568,7626,690,450,720,360,670,530,640,610
4568,7628,690,430,720,340,670,510,640,590
4568,7630,690,410,720,320,670,490,640,570
4568,7632,690,390,720,300,670,470,640,550
4568,7634,690,370,720,280,670,450,640,530
4568,7636,690,350,720,260,670,430,640,510
4568,7638,690,330,720,240,670,410,640,490
4568,7640,690,310,720,220,670,390,640,470
4568,7642,690,290,720,200,670,370,640,450
4568,7644,690,270,720,180,670,350,640,430
4568,7646,690,250,720,160,670,330,640,410
4568,7648,690,230,720,140,670,310,640,390
4568,7650,690,210,720,120,670,290,640,370
4568,7652,690,190,720,100,670,270,640,350
4568,7654,690,170,720,80,670,250,640,330
4568,7656,690,150,720,60,670,230,640,310
4568,7658,690,130,720,40,670,210,640,290
4570,7580,670,910,700,820,650,990,620,1070
4570,7582,670,890,700,800,650,970,620,1050
4570,7584,670,870,700,780,650,950,620,1030
4570,7586,670,850,700,760,650,930,620,1010
4570,7588,670,830,700,740,650,910,620,990
4570,7590,670,810,700,720,650,890,620,970
4570,7592,670,790,700,700,650,870,620,950
4570,7594,670,770,700,680,650,850,620,930
4570,7596,670,750,700,660,650,830,620,910
4570,7598,670,730,700,640,650,810,620,890
4570,7600,670,710,700,620,650,790,620,870
4570,7602,670,690,700,600,650,770,620,850
4570,7604,670,670,700,580,650,750,620,830
4570,7606,670,650,700,560,650,730,620,810
4570,7608,670,630,700,540,650,710,620,790
4570,7610,670,610,700,520,650,690,620,770
4570,7612,670,590,700,500,650,670,620,750
4570,7614,670,570,700,480,650,650,620,730
4570,7616,670,550,700,460,650,630,620,710
4570,7618,670,530,700,440,650,610,620,690
4570,7620,670,510,700,420,650,590,620,670
4570,7622,670,490,700,400,650,570,620,650
4570,7624,670,470,700,380,650,550,620,630
4570,7626,670,450,700,360,650,530,620,610
4570,7628,670,430,700,340,650,510,620,590
4570,7630,670,410,700,320,650,490,620,570
4570,7632,670,390,700,300,650,470,620,550
4570,7634,670,370,700,280,650,450,620,530
4570,7636,670,350,700,260,650,430,620,510
4570,7638,670,330,700,240,650,410,620,490
4570,7640,670,310,700,220,650,390,620,470
4570,7642,670,290,700,200,650,370,620,450
4570,7644,670,270,700,180,650,350,620,430
4570,7646,670,250,700,160,650,330,620,410
4570,7648,670,230,700,140,650,310,620,390
4570,7650,670,210,700,120,650,290,620,370
4570,7652,670,190,700,100,650,270,620,350
4570,7654,670,170,700,80,650,250,620,330
4570,7656,670,150,700,60,650,230,620,310
4570,7658,670,130,700,40,650,210,620,290
4572,7580,650,910,680,820,630,990,600,1070
4572,7582,650,890,680,800,630,970,600,1050
4572,7584,650,870,680,780,630,950,600,1030
4572,7586,650,850,680,760,630,930,600,1010
4572,7588,650,830,680,740,630,910,600,990
4572,7590,650,810,680,720,630,890,600,970
4572,7592,650,790,680,700,630,870,600,950
4572,7594,650,770,680,680,630,850,600,930
4572,7596,650,750,680,660,630,830,600,910
4572,7598,650,730,680,640,630,810,600,890
4572,7600,650,710,680,620,630,790,600,870
4572,7602,650,690,680,600,630,770,600,850
4572,7604,650,670,680,580,630,750,600,830
4572,7606,650,650,680,560,630,730,600,810
4572,7608,650,630,680,540,630,710,600,790
4572,7610,650,610,680,520,630,690,600,770
4572,7612,650,590,680,500,630,670,600,750
4572,7614,650,570,680,480,630,650,600,730
4572,7616,650,550,680,460,630,630,600,710
4572,7618,650,530,680,440,630,610,600,690
4572,7620,650,510,680,420,630,590,600,670
4572,7622,650,490,680,400,630,570,600,650
4572,7624,650,470,680,380,630,550,600,630
4572,7626,650,450,680,360,630,530,600,610
4572,7628,650,430,680,340,630,510,600,590
4572,7630,650,410,680,320,630,490,600,570
4572,7632,650,390,680,300,630,470,600,550
4572,7634,650,370,680,280,630,450,600,530
4572,7636,650,350,680,260,630,430,600,510
4572,7638,650,330,680,240,630,410,600,490
4572,7640,650,310,680,220,630,390,600,470
4572,7642,650,290,680,200,630,370,600,450
4572,7644,650,270,680,180,630,350,600,430
4572,7646,650,250,680,160,630,330,600,410
4572,7648,650,230,680,140,630,310,600,390
4572,7650,650,210,680,120,630,290,600,370
4572,7652,650,190,680,100,630,270,600,350
4572,7654,650,170,680,80,630,250,600,330
4572,7656,650,150,680,60,630,230,600,310
4572,7658,650,130,680,40,630,210,600,290
4574,7580,630,910,660,820,610,990,580,1070
4574,7582,630,890,660,800,610,970,580,1050
4574,7584,630,870,660,780,610,950,580,1030
4574,7586,630,850,660,760,610,930,580,1010
4574,7588,630,830,660,740,610,910,580,990
4574,7590,630,810,660,720,610,890,580,970
4574,7592,630,790,660,700,610,870,580,950
4574,7594,630,770,660,680,610,850,580,930
4574,7596,630,750,660,660,610,830,580,910
4574,7598,630,730,660,640,610,810,580,890
4574,7600,630,710,660,620,610,790,580,870
4574,7602,630,690,660,600,610,770,580,850
4574,7604,630,670,660,580,610,750,580,830
4574,7606,630,650,660,560,610,730,580,810
4574,7608,630,630,660,540,610,710,580,790
4574,7610,630,610,660,520,610,690,580,770
4574,7612,630,590,660,500,610,670,580,750
4574,7614,630,570,660,480,610,650,580,730
4574,7616,630,550,660,460,610,630,580,710
4574,7618,630,530,660,440,610,610,580,690
4574,7620,630,510,660,420,610,590,580,670
4574,7622,630,490,660,400,610,570,580,650
4574,7624,630,470,660,380,610,550,580,630
4574,7626,630,450,660,360,610,530,580,610
4574,7628,630,430,660,340,610,510,580,590
4574,7630,630,410,660,320,610,490,580,570
4574,7632,630,390,660,300,610,470,580,550
4574,7634,630,370,660,280,610,450,580,530
4574,7636,630,350,660,260,610,430,580,510
4574,7638,630,330,660,240,610,410,580,490
4574,7640,630,310,660,220,610,390,580,470
4574,7642,630,290,660,200,610,370,580,450
4574,7644,630,270,660,180,610,350,580,430
4574,7646,630,250,660,160,610,330,580,410
4574,7648,630,230,660,140,610,310,580,390
4574,7650,630,210,660,120,610,290,580,370
4574,7652,630,190,660,100,610,270,580,350
4574,7654,630,170,660,80,610,250,580,330
4574,7656,630,150,660,60,610,230,580,310
4574,7658,630,130,660,40,610,210,580,290
4576,7580,610,910,640,820,590,990,560,1070
4576,7582,610,890,640,800,590,970,560,1050
4576,7584,610,870,640,780,590,950,560,1030
4576,7586,610,850,640,760,590,930,560,1010
4576,7588,610,830,640,740,590,910,560,990
4576,7590,610,810,640,720,590,890,560,970
4576,7592,610,790,640,700,590,870,560,950
4576,7594,610,770,640,680,590,850,560,930
4576,7596,610,750,640,660,590,830,560,910
4576,7598,610,730,640,640,590,810,560,890
4576,7600,610,710,640,620,590,790,560,870
4576,7602,610,690,640,600,590,770,560,850
4576,7604,610,670,640,580,590,750,560,830
4576,7606,610,650,640,560,590,730,560,810
4576,7608,610,630,640,540,590,710,560,790
4576,7610,610,610,640,520,590,690,560,770
4576,7612,610,590,640,500,590,670,560,750
4576,7614,610,570,640,480,590,650,560,730
4576,7616,610,550,640,460,590,630,560,710
4576,7618,610,530,640,440,590,610,560,690
4576,7620,610,510,640,420,590,590,560,670
4576,7622,610,490,640,400,590,570,560,650
4576,7624,610,470,640,380,590,550,560,630
4576,7626,610,450,640,360,590,530,560,610
4576,7628,610,430,640,340,590,510,560,590
4576,7630,610,410,640,320,590,490,560,570
4576,7632,610,390,640,300,590,470,560,550
4576,7634,610,370,640,280,590,450,560,530
4576,7636,610,350,640,260,590,430,560,510
4576,7638,610,330,640,240,590,410,560,490
4576,7640,610,310,640,220,590,390,560,470
4576,7642,610,290,640,200,590,370,560,450
4576,7644,610,270,640,180,590,350,560,430
4576,7646,610,250,640,160,590,330,560,410
4576,7648,610,230,640,140,590,310,560,390
4576,7650,610,210,640,120,590,290,560,370
4576,7652,610,190,640,100,590,270,560,350
4576,7654,610,170,640,80,590,250,560,330
4576,7656,610,150,640,60,590,230,560,310
4576,7658,610,130,640,40,590,210,560,290
4578,7580,590,910,620,820,570,990,540,1070
4578,7582,590,890,620,800,570,970,540,1050
4578,7584,590,870,620,780,570,950,540,1030
4578,7586,590,850,620,760,570,930,540,1010
4578,7588,590,830,620,740,570,910,540,990
4578,7590,590,810,620,720,570,890,540,970
4578,7592,590,790,620,700,570,870,540,950
4578,7594,590,770,620,680,570,850,540,930
4578,7596,590,750,620,660,570,830,540,910
4578,7598,590,730,620,640,570,810,540,890
4578,7600,590,710,620,620,570,790,540,870
4578,7602,590,690,620,600,570,770,540,850
4578,7604,590,670,620,580,570,750,540,830
4578,7606,590,650,620,560,570,730,540,810
4578,7608,590,630,620,540,570,710,540,790
4578,7610,590,610,620,520,570,690,540,770
4578,7612,590,590,620,500,570,670,540,750
4578,7614,590,570,620,480,570,650,540,730
4578,7616,590,550,620,460,570,630,540,710
4578,7618,590,530,620,440,570,610,540,690
4578,7620,590,510,620,420,570,590,540,670
4578,7622,590,490,620,400,570,570,540,650
4578,7624,590,470,620,380,570,550,540,630
4578,7626,590,450,620,360,570,530,540,610
4578,7628,590,430,620,340,570,510,540,590
4578,7630,590,410,620,320,570,490,540,570
4578,7632,590,390,620,300,570,470,540,550
4578,7634,590,370,620,280,570,450,540,530
4578,7636,590,350,620,260,570,430,540,510
4578,7638,590,330,620,240,570,410,540,490
4578,7640,590,310,620,220,570,390,540,470
4578,7642,590,290,620,200,570,370,540,450
4578,7644,590,270,620,180,570,350,540,430
4578,7646,590,250,620,160,570,330,540,410
4578,7648,590,230,620,140,570,310,540,390
4578,7650,590,210,620,120,570,290,540,370
4578,7652,590,190,620,100,570,270,540,350
4578,7654,590,170,620,80,570,250,540,330
4578,7656,590,150,620,60,570,230,540,310
4578,7658,590,130,620,40,570,210,540,290
4580,7580,570,910,600,820,550,990,520,1070
4580,7582,570,890,600,800,550,970,520,1050
4580,7584,570,870,600,780,550,950,520,1030
4580,7586,570,850,600,760,550,930,520,1010
4580,7588,570,830,600,740,550,910,520,990
4580,7590,570,810,600,720,550,890,520,970
4580,7592,570,790,600,700,550,870,520,950
4580,7594,570,770,600,680,550,850,520,930
4580,7596,570,750,600,660,550,830,520,910
4580,7598,570,730,600,640,550,810,520,890
4580,7600,570,710,600,620,550,790,520,870
4580,7602,570,690,600,600,550,770,520,850
4580,7604,570,670,600,580,550,750,520,830
4580,7606,570,650,600,560,550,730,520,810
4580,7608,570,630,600,540,550,710,520,790
4580,7610,570,610,600,520,550,690,520,770
4580,7612,570,590,600,500,550,670,520,750
4580,7614,570,570,600,480,550,650,520,730
4580,7616,570,550,600,460,550,630,520,710
4580,7618,570,530,600,440,550,610,520,690
4580,7620,570,510,600,420,550,590,520,670
4580,7622,570,490,600,400,550,570,520,650
4580,7624,570,470,600,380,550,550,520,630
4580,7626,570,450,600,360,550,530,520,610
4580,7628,570,430,600,340,550,510,520,590
4580,7630,570,410,600,320,550,490,520,570
4580,7632,570,390,600,300,550,470,520,550
4580,7634,570,370,600,280,550,450,520,530
4580,7636,570,350,600,260,550,430,520,510
4580,7638,570,330,600,240,550,410,520,490
4580,7640,570,310,600,220,550,390,520,470
4580,7642,570,290,600,200,550,370,520,450
4580,7644,570,270,600,180,550,350,520,430
4580,7646,570,250,600,160,550,330,520,410
4580,7648,570,230,600,140,550,310,520,390
4580,7650,570,210,600,120,550,290,520,370
4580,7652,570,190,600,100,550,270,520,350
4580,7654,570,170,600,80,550,250,520,330
4580,7656,570,150,600,60,550,230,520,310
4580,7658,570,130,600,40,550,210,520,290
4582,7580,550,910,580,820,530,990,500,1070
4582,7582,550,890,580,800,530,970,500,1050
4582,7584,550,870,580,780,530,950,500,1030
4582,7586,550,850,580,760,530,930,500,1010
4582,7588,550,830,580,740,530,910,500,990
4582,7590,550,810,580,720,530,890,500,970
4582,7592,550,790,580,700,530,870,500,950
4582,7594,550,770,580,680,530,850,500,930
4582,7596,550,750,580,660,530,830,500,910
4582,7598,550,730,580,640,530,810,500,890
4582,7600,550,710,580,620,530,790,500,870
4582,7602,550,690,580,600,530,770,500,850
4582,7604,550,670,580,580,530,750,500,830
4582,7606,550,650,580,560,530,730,500,810
4582,7608,550,630,580,540,530,710,500,790
4582,7610,550,610,580,520,530,690,500,770
4582,7612,550,590,580,500,530,670,500,750
4582,7614,550,570,580,480,530,650,500,730
4582,7616,550,550,580,460,530,630,500,710
4582,7618,550,530,580,440,530,610,500,690
4582,7620,550,510,580,420,530,590,500,670
4582,7622,550,490,580,400,530,570,500,650
4582,7624,550,470,580,380,530,550,500,630
4582,7626,550,450,580,360,530,530,500,610
4582,7628,550,430,580,340,530,510,500,590
4582,7630,550,410,580,320,530,490,500,570
4582,7632,550,390,580,300,530,470,500,550
4582,7634,550,370,580,280,530,450,500,530
4582,7636,550,350,580,260,530,430,500,510
4582,7638,550,330,580,240,530,410,500,490
4582,7640,550,310,580,220,530,390,500,470
4582,7642,550,290,580,200,530,370,500,450
4582,7644,550,270,580,180,530,350,500,430
4582,7646,550,250,580,160,530,330,500,410
4582,7648,550,230,580,140,530,310,500,390
4582,7650,550,210,580,120,530,290,500,370
4582,7652,550,190,580,100,530,270,500,350
4582,7654,550,170,580,80,530,250,500,330
4582,7656,550,150,580,60,530,230,500,310
4582,7658,550,130,580,40,530,210,500,290
4584,7580,530,910,560,820,510,990,480,1070
4584,7582,530,890,560,800,510,970,480,1050
4584,7584,530,870,560,780,510,950,480,1030
4584,7586,530,850,560,760,510,930,480,1010
4584,7588,530,830,560,740,510,910,480,990
4584,7590,530,810,560,720,510,890,480,970
4584,7592,530,790,560,700,510,870,480,950
4584,7594,530,770,560,680,510,850,480,930
4584,7596,530,750,560,660,510,830,480,910
4584,7598,530,730,560,640,510,810,480,890
4584,7600,530,710,560,620,510,790,480,870
4584,7602,530,690,560,600,510,770,480,850
4584,7604,530,670,560,580,510,750,480,830
4584,7606,530,650,560,560,510,730,480,810
4584,7608,530,630,560,540,510,710,480,790
4584,7610,530,610,560,520,510,690,480,770
4584,7612,530,590,560,500,510,670,480,750
4584,7614,530,570,560,480,510,650,480,730
4584,7616,530,550,560,460,510,630,480,710
4584,7618,530,530,560,440,510,610,480,690
4584,7620,530,510,560,420,510,590,480,670
4584,7622,530,490,560,400,510,570,480,650
4584,7624,530,470,560,380,510,550,480,630
4584,7626,530,450,560,360,510,530,480,610
4584,7628,530,430,560,340,510,510,480,590
4584,7630,530,410,560,320,510,490,480,570
4584,7632,530,390,560,300,510,470,480,550
4584,7634,530,370,560,280,510,450,480,530
4584,7636,530,350,560,260,510,430,480,510
4584,7638,530,330,560,240,510,410,480,490
4584,7640,530,310,560,220,510,390,480,470
4584,7642,530,290,560,200,510,370,480,450
4584,7644,530,270,560,180,510,350,480,430
4584,7646,530,250,560,160,510,330,480,410
4584,7648,530,230,560,140,510,310,480,390
4584,7650,530,210,560,120,510,290,480,370
4584,7652,530,190,560,100,510,270,480,350
4584,7654,530,170,560,80,510,250,480,330
4584,7656,530,150,560,60,510,230,480,310
4584,7658,530,130,560,40,510,210,480,290
4586,7580,510,910,540,820,490,990,460,1070
4586,7582,510,890,540,800,490,970,460,1050
4586,7584,510,870,540,780,490,950,460,1030
4586,7586,510,850,540,760,490,930,460,1010
4586,7588,510,830,540,740,490,910,460,990
4586,7590,510,810,540,720,490,890,460,970
4586,7592,510,790,540,700,490,870,460,950
4586,7594,510,770,540,680,490,850,460,930
4586,7596,510,750,540,660,490,830,460,910
4586,7598,510,730,540,640,490,810,460,890
4586,7600,510,710,540,620,490,790,460,870
4586,7602,510,690,540,600,490,770,460,850
4586,7604,510,670,540,580,490,750,460,830
4586,7606,510,650,540,560,490,730,460,810
4586,7608,510,630,540,540,490,710,460,790
4586,7610,510,610,540,520,490,690,460,770
4586,7612,510,590,540,500,490,670,460,750
4586,7614,510,570,540,480,490,650,460,730
4586,7616,510,550,540,460,490,630,460,710
4586,7618,510,530,540,440,490,610,460,690
4586,7620,510,510,540,420,490,590,460,670
4586,7622,510,490,540,400,490,570,460,650
4586,7624,510,470,540,380,490,550,460,630
4586,7626,510,450,540,360,490,530,460,610
4586,7628,510,430,540,340,490,510,460,590
4586,7630,510,410,540,320,490,490,460,570
4586,7632,510,390,540,300,490,470,460,550
4586,7634,510,370,540,280,490,450,460,530
4586,7636,510,350,540,260,490,430,460,510
4586,7638,510,330,540,240,490,410,460,490
4586,7640,510,310,540,220,490,390,460,470
4586,7642,510,290,540,200,490,370,460,450
4586,7644,510,270,540,180,490,350,460,430
4586,7646,510,250,540,160,490,330,460,410
4586,7648,510,230,540,140,490,310,460,390
4586,7650,510,210,540,120,490,290,460,370
4586,7652,510,190,540,100,490,270,460,350
4586,7654,510,170,540,80,490,250,460,330
4586,7656,510,150,540,60,490,230,460,310
4586,7658,510,130,540,40,490,210,460,290
4588,7580,490,910,520,820,470,990,440,1070
4588,7582,490,890,520,800,470,970,440,1050
4588,7584,490,870,520,780,470,950,440,1030
4588,7586,490,850,520,760,470,930,440,1010
4588,7588,490,830,520,740,470,910,440,990
4588,7590,490,810,520,720,470,890,440,970
4588,7592,490,790,520,700,470,870,440,950
4588,7594,490,770,520,680,470,850,440,930
4588,7596,490,750,520,660,470,830,440,910
4588,7598,490,730,520,640,470,810,440,890
4588,7600,490,710,520,620,470,790,440,870
4588,7602,490,690,520,600,470,770,440,850
4588,7604,490,670,520,580,470,750,440,830
4588,7606,490,650,520,560,470,730,440,810
4588,7608,490,630,520,540,470,710,440,790
4588,7610,490,610,520,520,470,690,440,770
4588,7612,490,590,520,500,470,670,440,750
4588,7614,490,570,520,480,470,650,440,730
4588,7616,490,550,520,460,470,630,440,710
4588,7618,490,530,520,440,470,610,440,690
4588,7620,490,510,520,420,470,590,440,670
4588,7622,490,490,520,400,470,570,440,650
4588,7624,490,470,520,380,470,550,440,630
4588,7626,490,450,520,360,470,530,440,610
4588,7628,490,430,520,340,470,510,440,590
4588,7630,490,410,520,320,470,490,440,570
4588,7632,490,390,520,300,470,470,440,550
4588,7634,490,370,520,280,470,450,440,530
4588,7636,490,350,520,260,470,430,440,510
4588,7638,490,330,520,240,470,410,440,490
4588,7640,490,310,520,220,470,390,440,470
4588,7642,490,290,520,200,470,370,440,450
4588,7644,490,270,520,180,470,350,440,430
4588,7646,490,250,520,160,470,330,440,410
4588,7648,490,230,520,140,470,310,440,390
4588,7650,490,210,520,120,470,290,440,370
4588,7652,490,190,520,100,470,270,440,350
4588,7654,490,170,520,80,470,250,440,330
4588,7656,490,150,520,60,470,230,440,310
4588,7658,490,130,520,40,470,210,440,290
4590,7580,470,910,500,820,450,990,420,1070
4590,7582,470,890,500,800,450,970,420,1050
4590,7584,470,870,500,780,450,950,420,1030
4590,7586,470,850,500,760,450,930,420,1010
4590,7588,470,830,500,740,450,910,420,990
4590,7590,470,810,500,720,450,890,420,970
4590,7592,470,790,500,700,450,870,420,950
4590,7594,470,770,500,680,450,850,420,930
4590,7596,470,750,500,660,450,830,420,910
4590,7598,470,730,500,640,450,810,420,890
4590,7600,470,710,500,620,450,790,420,870
4590,7602,470,690,500,600,450,770,420,850
4590,7604,470,670,500,580,450,750,420,830
4590,7606,470,650,500,560,450,730,420,810
4590,7608,470,630,500,540,450,710,420,790
4590,7610,470,610,500,520,450,690,420,770
4590,7612,470,590,500,500,450,670,420,750
4590,7614,470,570,500,480,450,650,420,730
4590,7616,470,550,500,460,450,630,420,710
4590,7618,470,530,500,440,450,610,420,690
4590,7620,470,510,500,420,450,590,420,670
4590,7622,470,490,500,400,450,570,420,650
4590,7624,470,470,500,380,450,550,420,630
4590,7626,470,450,500,360,450,530,420,610
4590,7628,470,430,500,340,450,510,420,590
4590,7630,470,410,500,320,450,490,420,570
4590,7632,470,390,500,300,450,470,420,550
4590,7634,470,370,500,280,450,450,420,530
4590,7636,470,350,500,260,450,430,420,510
4590,7638,470,330,500,240,450,410,420,490
4590,7640,470,310,500,220,450,390,420,470
4590,7642,470,290,500,200,450,370,420,450
4590,7644,470,270,500,180,450,350,420,430
4590,7646,470,250,500,160,450,330,420,410
4590,7648,470,230,500,140,450,310,420,390
4590,7650,470,210,500,120,450,290,420,370
4590,7652,470,190,500,100,450,270,420,350
4590,7654,470,170,500,80,450,250,420,330
4590,7656,470,150,500,60,450,230,420,310
4590,7658,470,130,500,40,450,210,420,290
4592,7580,450,910,480,820,430,990,400,1070
4592,7582,450,890,480,800,430,970,400,1050
4592,7584,450,870,480,780,430,950,400,1030
4592,7586,450,850,480,760,430,930,400,1010
4592,7588,450,830,480,740,430,910,400,990
4592,7590,450,810,480,720,430,890,400,970
4592,7592,450,790,480,700,430,870,400,950
4592,7594,450,770,480,680,430,850,400,930
4592,7596,450,750,480,660,430,830,400,910
4592,7598,450,730,480,640,430,810,400,890
4592,7600,450,710,480,620,430,790,400,870
4592,7602,450,690,480,600,430,770,400,850
4592,7604,450,670,480,580,430,750,400,830
4592,7606,450,650,480,560,430,730,400,810
4592,7608,450,630,480,540,430,710,400,790
4592,7610,450,610,480,520,430,690,400,770
4592,7612,450,590,480,500,430,670,400,750
4592,7614,450,570,480,480,430,650,400,730
4592,7616,450,550,480,460,430,630,400,710
4592,7618,450,530,480,440,430,610,400,690
4592,7620,450,510,480,420,430,590,400,670
4592,7622,450,490,480,400,430,570,400,650
4592,7624,450,470,480,380,430,550,400,630
4592,7626,450,450,480,360,430,530,400,610
4592,7628,450,430,480,340,430,510,400,590
4592,7630,450,410,480,320,430,490,400,570
4592,7632,450,390,480,300,430,470,400,550
4592,7634,450,370,480,280,430,450,400,530
4592,7636,450,350,480,260,430,430,400,510
4592,7638,450,330,480,240,430,410,400,490
4592,7640,450,310,480,220,430,390,400,470
4592,7642,450,290,480,200,430,370,400,450
4592,7644,450,270,480,180,430,350,400,430
4592,7646,450,250,480,160,430,330,400,410
4592,7648,450,230,480,140,430,310,400,390
4592,7650,450,210,480,120,430,290,400,370
4592,7652,450,190,480,100,430,270,400,350
4592,7654,450,170,480,80,430,250,400,330
4592,7656,450,150,480,60,430,230,400,310
4592,7658,450,130,480,40,430,210,400,290
4594,7580,430,910,460,820,410,990,380,1070
4594,7582,430,890,460,800,410,970,380,1050
4594,7584,430,870,460,780,410,950,380,1030
4594,7586,430,850,460,760,410,930,380,1010
4594,7588,430,830,460,740,410,910,380,990
4594,7590,430,810,460,720,410,890,380,970
4594,7592,430,790,460,700,410,870,380,950
4594,7594,430,770,460,680,410,850,380,930
4594,7596,430,750,460,660,410,830,380,910
4594,7598,430,730,460,640,410,810,380,890
4594,7600,430,710,460,620,410,790,380,870
4594,7602,430,690,460,600,410,770,380,850
4594,7604,430,670,460,580,410,750,380,830
4594,7606,430,650,460,560,410,730,380,810
4594,7608,430,630,460,540,410,710,380,790
4594,7610,430,610,460,520,410,690,380,770
4594,7612,430,590,460,500,410,670,380,750
4594,7614,430,570,460,480,410,650,380,730
4594,7616,430,550,460,460,410,630,380,710
4594,7618,430,530,460,440,410,610,380,690
4594,7620,430,510,460,420,410,590,380,670
4594,7622,430,490,460,400,410,570,380,650
4594,7624,430,470,460,380,410,550,380,630
4594,7626,430,450,460,360,410,530,380,610
4594,7628,430,430,460,340,410,510,380,590
4594,7630,430,410,460,320,410,490,380,570
4594,7632,430,390,460,300,410,470,380,550
4594,7634,430,370,460,280,410,450,380,530
4594,7636,430,350,460,260,410,430,380,510
4594,7638,430,330,460,240,410,410,380,490
4594,7640,430,310,460,220,410,390,380,470
4594,7642,430,290,460,200,410,370,380,450
4594,7644,430,270,460,180,410,350,380,430
4594,7646,430,250,460,160,410,330,380,410
4594,7648,430,230,460,140,410,310,380,390
4594,7650,430,210,460,120,410,290,380,370
4594,7652,430,190,460,100,410,270,380,350
4594,7654,430,170,460,80,410,250,380,330
4594,7656,430,150,460,60,410,230,380,310
4594,7658,430,130,460,40,410,210,380,290
4596,7580,410,910,440,820,390,990,360,1070
4596,7582,410,890,440,800,390,970,360,1050
4596,7584,410,870,440,780,390,950,360,1030
4596,7586,410,850,440,760,390,930,360,1010
4596,7588,410,830,440,740,390,910,360,990
4596,7590,410,810,440,720,390,890,360,970
4596,7592,410,790,440,700,390,870,360,950
4596,7594,410,770,440,680,390,850,360,930
4596,7596,410,750,440,660,390,830,360,910
4596,7598,410,730,440,640,390,810,360,890
4596,7600,410,710,440,620,390,790,360,870
4596,7602,410,690,440,600,390,770,360,850
4596,7604,410,670,440,580,390,750,360,830
4596,7606,410,650,440,560,390,730,360,810
4596,7608,410,630,440,540,390,710,360,790
4596,7610,410,610,440,520,390,690,360,770
4596,7612,410,590,440,500,390,670,360,750
4596,7614,410,570,440,480,390,650,360,730
4596,7616,410,550,440,460,390,630,360,710
4596,7618,410,530,440,440,390,610,360,690
4596,7620,410,510,440,420,390,590,360,670
4596,7622,410,490,440,400,390,570,360,650
4596,7624,410,470,440,380,390,550,360,630
4596,7626,410,450,440,360,390,530,360,610
4596,7628,410,430,440,340,390,510,360,590
4596,7630,410,410,440,320,390,490,360,570
4596,7632,410,390,440,300,390,470,360,550
4596,7634,410,370,440,280,390,450,360,530
4596,7636,410,350,440,260,390,430,360,510
4596,7638,410,330,440,240,390,410,360,490
4596,7640,410,310,440,220,390,390,360,470
4596,7642,410,290,440,200,390,370,360,450
4596,7644,410,270,440,180,390,350,360,430
4596,7646,410,250,440,160,390,330,360,410
4596,7648,410,230,440,140,390,310,360,390
4596,7650,410,210,440,120,390,290,360,370
4596,7652,410,190,440,100,390,270,360,350
4596,7654,410,170,440,80,390,250,360,330
4596,7656,410,150,440,60,390,230,360,310
4596,7658,410,130,440,40,390,210,360,290
4598,7580,390,910,420,820,370,990,340,1070
4598,7582,390,890,420,800,370,970,340,1050
4598,7584,390,870,420,780,370,950,340,1030
4598,7586,390,850,420,760,370,930,340,1010
4598,7588,390,830,420,740,370,910,340,990
4598,7590,390,810,420,720,370,890,340,970
4598,7592,390,790,420,700,370,870,340,950
4598,7594,390,770,420,680,370,850,340,930
4598,7596,390,750,420,660,370,830,340,910
4598,7598,390,730,420,640,370,810,340,890
4598,7600,390,710,420,620,370,790,340,870
4598,7602,390,690,420,600,370,770,340,850
4598,7604,390,670,420,580,370,750,340,830
4598,7606,390,650,420,560,370,730,340,810
4598,7608,390,630,420,540,370,710,340,790
4598,7610,390,610,420,520,370,690,340,770
4598,7612,390,590,420,500,370,670,340,750
4598,7614,390,570,420,480,370,650,340,730
4598,7616,390,550,420,460,370,630,340,710
4598,7618,390,530,420,440,370,610,340,690
4598,7620,390,510,420,420,370,590,340,670
4598,7622,390,490,420,400,370,570,340,650
4598,7624,390,470,420,380,370,550,340,630
4598,7626,390,450,420,360,370,530,340,610
4598,7628,390,430,420,340,370,510,340,590
4598,7630,390,410,420,320,370,490,340,570
4598,7632,390,390,420,300,370,470,340,550
4598,7634,390,370,420,280,370,450,340,530
4598,7636,390,350,420,260,370,430,340,510
4598,7638,390,330,420,240,370,410,340,490
4598,7640,390,310,420,220,370,390,340,470
4598,7642,390,290,420,200,370,370,340,450
4598,7644,390,270,420,180,370,350,340,430
4598,7646,390,250,420,160,370,330,340,410
4598,7648,390,230,420,140,370,310,340,390
4598,7650,390,210,420,120,370,290,340,370
4598,7652,390,190,420,100,370,270,340,350
4598,7654,390,170,420,80,370,250,340,330
4598,7656,390,150,420,60,370,230,340,310
4598,7658,390,130,420,40,370,210,340,290
4600,7580,370,910,400,820,350,990,320,1070
4600,7582,370,890,400,800,350,970,320,1050
4600,7584,370,870,400,780,350,950,320,1030
4600,7586,370,850,400,760,350,930,320,1010
4600,7588,370,830,400,740,350,910,320,990
4600,7590,370,810,400,720,350,890,320,970
4600,7592,370,790,400,700,350,870,320,950
4600,7594,370,770,400,680,350,850,320,930
4600,7596,370,750,400,660,350,830,320,910
4600,7598,370,730,400,640,350,810,320,890
4600,7600,370,710,400,620,350,790,320,870
4600,7602,370,690,400,600,350,770,320,850
4600,7604,370,670,400,580,350,750,320,830
4600,7606,370,650,400,560,350,730,320,810
4600,7608,370,630,400,540,350,710,320,790
4600,7610,370,610,400,520,350,690,320,770
4600,7612,370,590,400,500,350,670,320,750
4600,7614,370,570,400,480,350,650,320,730
4600,7616,370,550,400,460,350,630,320,710
4600,7618,370,530,400,440,350,610,320,690
4600,7620,370,510,400,420,350,590,320,670
4600,7622,370,490,400,400,350,570,320,650
4600,7624,370,470,400,380,350,550,320,630
4600,7626,370,450,400,360,350,530,320,610
4600,7628,370,430,400,340,350,510,320,590
4600,7630,370,410,400,320,350,490,320,570
4600,7632,370,390,400,300,350,470,320,550
4600,7634,370,370,400,280,350,450,320,530
4600,7636,370,350,400,260,350,430,320,510
4600,7638,370,330,400,240,350,410,320,490
4600,7640,370,310,400,220,350,390,320,470
4600,7642,370,290,400,200,350,370,320,450
4600,7644,370,270,400,180,350,350,320,430
4600,7646,370,250,400,160,350,330,320,410
4600,7648,370,230,400,140,350,310,320,390
4600,7650,370,210,400,120,350,290,320,370
4600,7652,370,190,400,100,350,270,320,350
4600,7654,370,170,400,80,350,250,320,330
4600,7656,370,150,400,60,350,230,320,310
4600,7658,370,130,400,40,350,210,320,290
4602,7580,350,910,380,820,330,990,300,1070
4602,7582,350,890,380,800,330,970,300,1050
4602,7584,350,870,380,780,330,950,300,1030
4602,7586,350,850,380,760,330,930,300,1010
4602,7588,350,830,380,740,330,910,300,990
4602,7590,350,810,380,720,330,890,300,970
4602,7592,350,790,380,700,330,870,300,950
4602,7594,350,770,380,680,330,850,300,930
4602,7596,350,750,380,660,330,830,300,910
4602,7598,350,730,380,640,330,810,300,890
4602,7600,350,710,380,620,330,790,300,870
4602,7602,350,690,380,600,330,770,300,850
4602,7604,350,670,380,580,330,750,300,830
4602,7606,350,650,380,560,330,730,300,810
4602,7608,350,630,380,540,330,710,300,790
4602,7610,350,610,380,520,330,690,300,770
4602,7612,350,590,380,500,330,670,300,750
4602,7614,350,570,380,480,330,650,300,730
4602,7616,350,550,380,460,330,630,300,710
4602,7618,350,530,380,440,330,610,300,690
4602,7620,350,510,380,420,330,590,300,670
4602,7622,350,490,380,400,330,570,300,650
4602,7624,350,470,380,380,330,550,300,630
4602,7626,350,450,380,360,330,530,300,610
4602,7628,350,430,380,340,330,510,300,590
4602,7630,350,410,380,320,330,490,300,570
4602,7632,350,390,380,300,330,470,300,550
4602,7634,350,370,380,280,330,450,300,530
4602,7636,350,350,380,260,330,430,300,510
4602,7638,350,330,380,240,330,410,300,490
4602,7640,350,310,380,220,330,390,300,470
4602,7642,350,290,380,200,330,370,300,450
4602,7644,350,270,380,180,330,350,300,430
4602,7646,350,250,380,160,330,330,300,410
4602,7648,350,230,380,140,330,310,300,390
4602,7650,350,210,380,120,330,290,300,370
4602,7652,350,190,380,100,330,270,300,350
4602,7654,350,170,380,80,330,250,300,330
4602,7656,350,150,380,60,330,230,300,310
4602,7658,350,130,380,40,330,210,300,290
4604,7580,330,910,360,820,310,990,280,1070
4604,7582,330,890,360,800,310,970,280,1050
4604,7584,330,870,360,780,310,950,280,1030
4604,7586,330,850,360,760,310,930,280,1010
4604,7588,330,830,360,740,310,910,280,990
4604,7590,330,810,360,720,310,890,280,970
4604,7592,330,790,360,700,310,870,280,950
4604,7594,330,770,360,680,310,850,280,930
4604,7596,330,750,360,660,310,830,280,910
4604,7598,330,730,360,640,310,810,280,890
4604,7600,330,710,360,620,310,790,280,870
4604,7602,330,690,360,600,310,770,280,850
4604,7604,330,670,360,580,310,750,280,830
4604,7606,330,650,360,560,310,730,280,810
4604,7608,330,630,360,540,310,710,280,790
4604,7610,330,610,360,520,310,690,280,770
4604,7612,330,590,360,500,310,670,280,750
4604,7614,330,570,360,480,310,650,280,730
4604,7616,330,550,360,460,310,630,280,710
4604,7618,330,530,360,440,310,610,280,690
4604,7620,330,510,360,420,310,590,280,670
4604,7622,330,490,360,400,310,570,280,650
4604,7624,330,470,360,380,310,550,280,630
4604,7626,330,450,360,360,310,530,280,610
4604,7628,330,430,360,340,310,510,280,590
4604,7630,330,410,360,320,310,490,280,570
4604,7632,330,390,360,300,310,470,280,550
4604,7634,330,370,360,280,310,450,280,530
4604,7636,330,350,360,260,310,430,280,510
4604,7638,330,330,360,240,310,410,280,490
4604,7640,330,310,360,220,310,390,280,470
4604,7642,330,290,360,200,310,370,280,450
4604,7644,330,270,360,180,310,350,280,430
4604,7646,330,250,360,160,310,330,280,410
4604,7648,330,230,360,140,310,310,280,390
4604,7650,330,210,360,120,310,290,280,370
4604,7652,330,190,360,100,310,270,280,350
4604,7654,330,170,360,80,310,250,280,330
4604,7656,330,150,360,60,310,230,280,310
4604,7658,330,130,360,40,310,210,280,290
4606,7580,310,910,340,820,290,990,260,1070
4606,7582,310,890,340,800,290,970,260,1050
4606,7584,310,870,340,780,290,950,260,1030
4606,7586,310,850,340,760,290,930,260,1010
4606,7588,310,830,340,740,290,910,260,990
4606,7590,310,810,340,720,290,890,260,970
4606,7592,310,790,340,700,290,870,260,950
4606,7594,310,770,340,680,290,850,260,930
4606,7596,310,750,340,660,290,830,260,910
4606,7598,310,730,340,640,290,810,260,890
4606,7600,310,710,340,620,290,790,260,870
4606,7602,310,690,340,600,290,770,260,850
4606,7604,310,670,340,580,290,750,260,830
4606,7606,310,650,340,560,290,730,260,810
4606,7608,310,630,340,540,290,710,260,790
4606,7610,310,610,340,520,290,690,260,770
4606,7612,310,590,340,500,290,670,260,750
4606,7614,310,570,340,480,290,650,260,730
4606,7616,310,550,340,460,290,630,260,710
4606,7618,310,530,340,440,290,610,260,690
4606,7620,310,510,340,420,290,590,260,670
4606,7622,310,490,340,400,290,570,260,650
4606,7624,310,470,340,380,290,550,260,630
4606,7626,310,450,340,360,290,530,260,610
4606,7628,310,430,340,340,290,510,260,590
4606,7630,310,410,340,320,290,490,260,570
4606,7632,310,390,340,300,290,470,260,550
4606,7634,310,370,340,280,290,450,260,530
4606,7636,310,350,340,260,290,430,260,510
4606,7638,310,330,340,240,290,410,260,490
4606,7640,310,310,340,220,290,390,260,470
4606,7642,310,290,340,200,290,370,260,450
4606,7644,310,270,340,180,290,350,260,430
4606,7646,310,250,340,160,290,330,260,410
4606,7648,310,230,340,140,290,310,260,390
4606,7650,310,210,340,120,290,290,260,370
4606,7652,310,190,340,100,290,270,260,350
4606,7654,310,170,340,80,290,250,260,330
4606,7656,310,150,340,60,290,230,260,310
4606,7658,310,130,340,40,290,210,260,290
4608,7580,290,910,320,820,270,990,240,1070
4608,7582,290,890,320,800,270,970,240,1050
4608,7584,290,870,320,780,270,950,240,1030
4608,7586,290,850,320,760,270,930,240,1010
4608,7588,290,830,320,740,270,910,240,990
4608,7590,290,810,320,720,270,890,240,970
4608,7592,290,790,320,700,270,870,240,950
4608,7594,290,770,320,680,270,850,240,930
4608,7596,290,750,320,660,270,830,240,910
4608,7598,290,730,320,640,270,810,240,890
4608,7600,290,710,320,620,270,790,240,870
4608,7602,290,690,320,600,270,770,240,850
4608,7604,290,670,320,580,270,750,240,830
4608,7606,290,650,320,560,270,730,240,810
4608,7608,290,630,320,540,270,710,240,790
4608,7610,290,610,320,520,270,690,240,770
4608,7612,290,590,320,500,270,670,240,750
4608,7614,290,570,320,480,270,650,240,730
4608,7616,290,550,320,460,270,630,240,710
4608,7618,290,530,320,440,270,610,240,690
4608,7620,290,510,320,420,270,590,240,670
4608,7622,290,490,320,400,270,570,240,650
4608,7624,290,470,320,380,270,550,240,630
4608,7626,290,450,320,360,270,530,240,610
4608,7628,290,430,320,340,270,510,240,590
4608,7630,290,410,320,320,270,490,240,570
4608,7632,290,390,320,300,270,470,240,550
4608,7634,290,370,320,280,270,450,240,530
4608,7636,290,350,320,260,270,430,240,510
4608,7638,290,330,320,240,270,410,240,490
4608,7640,290,310,320,220,270,390,240,470
4608,7642,290,290,320,200,270,370,240,450
4608,7644,290,270,320,180,270,350,240,430
4608,7646,290,250,320,160,270,330,240,410
4608,7648,290,230,320,140,270,310,240,390
4608,7650,290,210,320,120,270,290,240,370
4608,7652,290,190,320,100,270,270,240,350
4608,7654,290,170,320,80,270,250,240,330
4608,7656,290,150,320,60,270,230,240,310
4608,7658,290,130,320,40,270,210,240,290
4610,7580,270,910,300,820,250,990,220,1070
4610,7582,270,890,300,800,250,970,220,1050
4610,7584,270,870,300,780,250,950,220,1030
4610,7586,270,850,300,760,250,930,220,1010
4610,7588,270,830,300,740,250,910,220,990
4610,7590,270,810,300,720,250,890,220,970
4610,7592,270,790,300,700,250,870,220,950
4610,7594,270,770,300,680,250,850,220,930
4610,7596,270,750,300,660,250,830,220,910
4610,7598,270,730,300,640,250,810,220,890
4610,7600,270,710,300,620,250,790,220,870
4610,7602,270,690,300,600,250,770,220,850
4610,7604,270,670,300,580,250,750,220,830
4610,7606,270,650,300,560,250,730,220,810
4610,7608,270,630,300,540,250,710,220,790
4610,7610,270,610,300,520,250,690,220,770
4610,7612,270,590,300,500,250,670,220,750
4610,7614,270,570,300,480,250,650,220,730
4610,7616,270,550,300,460,250,630,220,710
4610,7618,270,530,300,440,250,610,220,690
4610,7620,270,510,300,420,250,590,220,670
4610,7622,270,490,300,400,250,570,220,650
4610,7624,270,470,300,380,250,550,220,630
4610,7626,270,450,300,360,250,530,220,610
4610,7628,270,430,300,340,250,510,220,590
4610,7630,270,410,300,320,250,490,220,570
4610,7632,270,390,300,300,250,470,220,550
4610,7634,270,370,300,280,250,450,220,530
4610,7636,270,350,300,260,250,430,220,510
4610,7638,270,330,300,240,250,410,220,490
4610,7640,270,310,300,220,250,390,220,470
4610,7642,270,290,300,200,250,370,220,450
4610,7644,270,270,300,180,250,350,220,430
4610,7646,270,250,300,160,250,330,220,410
4610,7648,270,230,300,140,250,310,220,390
4610,7650,270,210,300,120,250,290,220,370
4610,7652,270,190,300,100,250,270,220,350
4610,7654,270,170,300,80,250,250,220,330
4610,7656,270,150,300,60,250,230,220,310
4610,7658,270,130,300,40,250,210,220,290
4612,7580,250,910,280,820,230,990,200,1070
4612,7582,250,890,280,800,230,970,200,1050
4612,7584,250,870,280,780,230,950,200,1030
4612,7586,250,850,280,760,230,930,200,1010
4612,7588,250,830,280,740,230,910,200,990
4612,7590,250,810,280,720,230,890,200,970
4612,7592,250,790,280,700,230,870,200,950
4612,7594,250,770,280,680,230,850,200,930
4612,7596,250,750,280,660,230,830,200,910
4612,7598,250,730,280,640,230,810,200,890
4612,7600,250,710,280,620,230,790,200,870
4612,7602,250,690,280,600,230,770,200,850
4612,7604,250,670,280,580,230,750,200,830
4612,7606,250,650,280,560,230,730,200,810
4612,7608,250,630,280,540,230,710,200,790
4612,7610,250,610,280,520,230,690,200,770
4612,7612,250,590,280,500,230,670,200,750
4612,7614,250,570,280,480,230,650,200,730
4612,7616,250,550,280,460,230,630,200,710
4612,7618,250,530,280,440,230,610,200,690
4612,7620,250,510,280,420,230,590,200,670
4612,7622,250,490,280,400,230,570,200,650
4612,7624,250,470,280,380,230,550,200,630
4612,7626,250,450,280,360,230,530,200,610
4612,7628,250,430,280,340,230,510,200,590
4612,7630,250,410,280,320,230,490,200,570
4612,7632,250,390,280,300,230,470,200,550
4612,7634,250,370,280,280,230,450,200,530
4612,7636,250,350,280,260,230,430,200,510
4612,7638,250,330,280,240,230,410,200,490
4612,7640,250,310,280,220,230,390,200,470
4612,7642,250,290,280,200,230,370,200,450
4612,7644,250,270,280,180,230,350,200,430
4612,7646,250,250,280,160,230,330,200,410
4612,7648,250,230,280,140,230,310,200,390
4612,7650,250,210,280,120,230,290,200,370
4612,7652,250,190,280,100,230,270,200,350
4612,7654,250,170,280,80,230,250,200,330
4612,7656,250,150,280,60,230,230,200,310
4612,7658,250,130,280,40,230,210,200,290
4614,7580,230,910,260,820,210,990,180,1070
4614,7582,230,890,260,800,210,970,180,1050
4614,7584,230,870,260,780,210,950,180,1030
4614,7586,230,850,260,760,210,930,180,1010
4614,7588,230,830,260,740,210,910,180,990
4614,7590,230,810,260,720,210,890,180,970
4614,7592,230,790,260,700,210,870,180,950
4614,7594,230,770,260,680,210,850,180,930
4614,7596,230,750,260,660,210,830,180,910
4614,7598,230,730,260,640,210,810,180,890
4614,7600,230,710,260,620,210,790,180,870
4614,7602,230,690,260,600,210,770,180,850
4614,7604,230,670,260,580,210,750,180,830
4614,7606,230,650,260,560,210,730,180,810
4614,7608,230,630,260,540,210,710,180,790
4614,7610,230,610,260,520,210,690,180,770
4614,7612,230,590,260,500,210,670,180,750
4614,7614,230,570,260,480,210,650,180,730
4614,7616,230,550,260,460,210,630,180,710
4614,7618,230,530,260,440,210,610,180,690
4614,7620,230,510,260,420,210,590,180,670
4614,7622,230,490,260,400,210,570,180,650
4614,7624,230,470,260,380,210,550,180,630
4614,7626,230,450,260,360,210,530,180,610
4614,7628,230,430,260,340,210,510,180,590
4614,7630,230,410,260,320,210,490,180,570
4614,7632,230,390,260,300,210,470,180,550
4614,7634,230,370,260,280,210,450,180,530
4614,7636,230,350,260,260,210,430,180,510
4614,7638,230,330,260,240,210,410,180,490
4614,7640,230,310,260,220,210,390,180,470
4614,7642,230,290,260,200,210,370,180,450
4614,7644,230,270,260,180,210,350,180,430
4614,7646,230,250,260,160,210,330,180,410
4614,7648,230,230,260,140,210,310,180,390
4614,7650,230,210,260,120,210,290,180,370
4614,7652,230,190,260,100,210,270,180,350
4614,7654,230,170,260,80,210,250,180,330
4614,7656,230,150,260,60,210,230,180,310
4614,7658,230,130,260,40,210,210,180,290
4616,7580,210,910,240,820,190,990,160,1070
4616,7582,210,890,240,800,190,970,160,1050
4616,7584,210,870,240,780,190,950,160,1030
4616,7586,210,850,240,760,190,930,160,1010
4616,7588,210,830,240,740,190,910,160,990
4616,7590,210,810,240,720,190,890,160,970
4616,7592,210,790,240,700,190,870,160,950
4616,7594,210,770,240,680,190,850,160,930
4616,7596,210,750,240,660,190,830,160,910
4616,7598,210,730,240,640,190,810,160,890
4616,7600,210,710,240,620,190,790,160,870
4616,7602,210,690,240,600,190,770,160,850
4616,7604,210,670,240,580,190,750,160,830
4616,7606,210,650,240,560,190,730,160,810
4616,7608,210,630,240,540,190,710,160,790
4616,7610,210,610,240,520,190,690,160,770
4616,7612,210,590,240,500,190,670,160,750
4616,7614,210,570,240,480,190,650,160,730
4616,7616,210,550,240,460,190,630,160,710
4616,7618,210,530,240,440,190,610,160,690
4616,7620,210,510,240,420,190,590,160,670
4616,7622,210,490,240,400,190,570,160,650
4616,7624,210,470,240,380,190,550,160,630
4616,7626,210,450,240,360,190,530,160,610
4616,7628,210,430,240,340,190,510,160,590
4616,7630,210,410,240,320,190,490,160,570
4616,7632,210,390,240,300,190,470,160,550
4616,7634,210,370,240,280,190,450,160,530
4616,7636,210,350,240,260,190,430,160,510
4616,7638,210,330,240,240,190,410,160,490
4616,7640,210,310,240,220,190,390,160,470
4616,7642,210,290,240,200,190,370,160,450
4616,7644,210,270,240,180,190,350,160,430
4616,7646,210,250,240,160,190,330,160,410
4616,7648,210,230,240,140,190,310,160,390
4616,7650,210,210,240,120,190,290,160,370
4616,7652,210,190,240,100,190,270,160,350
4616,7654,210,170,240,80,190,250,160,330
4616,7656,210,150,240,60,190,230,160,310
4616,7658,210,130,240,40,190,210,160,290
4618,7580,190,910,220,820,170,990,140,1070
4618,7582,190,890,220,800,170,970,140,1050
4618,7584,190,870,220,780,170,950,140,1030
4618,7586,190,850,220,760,170,930,140,1010
4618,7588,190,830,220,740,170,910,140,990
4618,7590,190,810,220,720,170,890,140,970
4618,7592,190,790,220,700,170,870,140,950
4618,7594,190,770,220,680,170,850,140,930
4618,7596,190,750,220,660,170,830,140,910
4618,7598,190,730,220,640,170,810,140,890
4618,7600,190,710,220,620,170,790,140,870
4618,7602,190,690,220,600,170,770,140,850
4618,7604,190,670,220,580,170,750,140,830
4618,7606,190,650,220,560,170,730,140,810
4618,7608,190,630,220,540,170,710,140,790
4618,7610,190,610,220,520,170,690,140,770
4618,7612,190,590,220,500,170,670,140,750
4618,7614,190,570,220,480,170,650,140,730
4618,7616,190,550,220,460,170,630,140,710
4618,7618,190,530,220,440,170,610,140,690
4618,7620,190,510,220,420,170,590,140,670
4618,7622,190,490,220,400,170,570,140,650
4618,7624,190,470,220,380,170,550,140,630
4618,7626,190,450,220,360,170,530,140,610
4618,7628,190,430,220,340,170,510,140,590
4618,7630,190,410,220,320,170,490,140,570
4618,7632,190,390,220,300,170,470,140,550
4618,7634,190,370,220,280,170,450,140,530
4618,7636,190,350,220,260,170,430,140,510
4618,7638,190,330,220,240,170,410,140,490
4618,7640,190,310,220,220,170,390,140,470
4618,7642,190,290,220,200,170,370,140,450
4618,7644,190,270,220,180,170,350,140,430
4618,7646,190,250,220,160,170,330,140,410
4618,7648,190,230,220,140,170,310,140,390
4618,7650,190,210,220,120,170,290,140,370
4618,7652,190,190,220,100,170,270,140,350
4618,7654,190,170,220,80,170,250,140,330
4618,7656,190,150,220,60,170,230,140,310
4618,7658,190,130,220,40,170,210,140,290
4561,7580,760,910,790,820,740,990,710,1070
4561,7581,760,900,790,810,740,980,710,1060
4561,7582,760,890,790,800,740,970,710,1050
4561,7583,760,880,790,790,740,960,710,1040
4561,7584,760,870,790,780,740,950,710,1030
4561,7585,760,860,790,770,740,940,710,1020
4561,7586,760,850,790,760,740,930,710,1010
4561,7587,760,840,790,750,740,920,710,1000
4561,7588,760,830,790,740,740,910,710,990
4561,7589,760,820,790,730,740,900,710,980
4561,7590,760,810,790,720,740,890,710,970
4561,7591,760,800,790,710,740,880,710,960
4561,7592,760,790,790,700,740,870,710,950
4561,7593,760,780,790,690,740,860,710,940
4561,7594,760,770,790,680,740,850,710,930
4561,7595,760,760,790,670,740,840,710,920
4561,7596,760,750,790,660,740,830,710,910
4561,7597,760,740,790,650,740,820,710,900
4561,7598,760,730,790,640,740,810,710,890
4561,7599,760,720,790,630,740,800,710,880
4561,7600,760,710,790,620,740,790,710,870
4561,7601,760,700,790,610,740,780,710,860
4561,7602,760,690,790,600,740,770,710,850
4561,7603,760,680,790,590,740,760,710,840
4561,7604,760,670,790,580,740,750,710,830
4561,7605,760,660,790,570,740,740,710,820
4561,7606,760,650,790,560,740,730,710,810
4561,7607,760,640,790,550,740,720,710,800
4561,7608,760,630,790,540,740,710,710,790
4561,7609,760,620,790,530,740,700,710,780
4561,7610,760,610,790,520,740,690,710,770
4561,7611,760,600,790,510,740,680,710,760
4561,7612,760,590,790,500,740,670,710,750
4561,7613,760,580,790,490,740,660,710,740
4561,7614,760,570,790,480,740,650,710,730
4561,7615,760,560,790,470,740,640,710,720
4561,7616,760,550,790,460,740,630,710,710
4561,7617,760,540,790,450,740,620,710,700
4561,7618,760,530,790,440,740,610,710,690
4561,7619,760,520,790,430,740,600,710,680
4561,7620,760,510,790,420,740,590,710,670
4561,7621,760,500,790,410,740,580,710,660
4561,7622,760,490,790,400,740,570,710,650
4561,7623,760,480,790,390,740,560,710,640
4561,7624,760,470,790,380,740,550,710,630
4561,7625,760,460,790,370,740,540,710,620
4561,7626,760,450,790,360,740,530,710,610
4561,7627,760,440,790,350,740,520,710,600
4561,7628,760,430,790,340,740,510,710,590
4561,7629,760,420,790,330,740,500,710,580
4561,7630,760,410,790,320,740,490,710,570
4561,7631,760,400,790,310,740,480,710,560
4561,7632,760,390,790,300,740,470,710,550
4561,7633,760,380,790,290,740,460,710,540
4561,7634,760,370,790,280,740,450,710,530
4561,7635,760,360,790,270,740,440,710,520
4561,7636,760,350,790,260,740,430,710,510
4561,7637,760,340,790,250,740,420,710,500
4561,7638,760,330,790,240,740,410,710,490
4561,7639,760,320,790,230,740,400,710,480
4561,7640,760,310,790,220,740,390,710,470
4561,7641,760,300,790,210,740,380,710,460
4561,7642,760,290,790,200,740,370,710,450
4561,7643,760,280,790,190,740,360,710,440
4561,7644,760,270,790,180,740,350,710,430
4561,7645,760,260,790,170,740,340,710,420
4561,7646,760,250,790,160,740,330,710,410
4561,7647,760,240,790,150,740,320,710,400
4561,7648,760,230,790,140,740,310,710,390
4561,7649,760,220,790,130,740,300,710,380
4561,7650,760,210,790,120,740,290,710,370
4561,7651,760,200,790,110,740,280,710,360
4561,7652,760,190,790,100,740,270,710,350
4561,7653,760,180,790,90,740,260,710,340
4561,7654,760,170,790,80,740,250,710,330
4561,7655,760,160,790,70,740,240,710,320
4561,7656,760,150,790,60,740,230,710,310
4561,7657,760,140,790,50,740,220,710,300
4561,7658,760,130,790,40,740,210,710,290
4563,7580,740,910,770,820,720,990,690,1070
4563,7581,740,900,770,810,720,980,690,1060
4563,7582,740,890,770,800,720,970,690,1050
4563,7583,740,880,770,790,720,960,690,1040
4563,7584,740,870,770,780,720,950,690,1030
4563,7585,740,860,770,770,720,940,690,1020
4563,7586,740,850,770,760,720,930,690,1010
4563,7587,740,840,770,750,720,920,690,1000
4563,7588,740,830,770,740,720,910,690,990
4563,7589,740,820,770,730,720,900,690,980
4563,7590,740,810,770,720,720,890,690,970
4563,7591,740,800,770,710,720,880,690,960
4563,7592,740,790,770,700,720,870,690,950
4563,7593,740,780,770,690,720,860,690,940
4563,7594,740,770,770,680,720,850,690,930
4563,7595,740,760,770,670,720,840,690,920
4563,7596,740,750,770,660,720,830,690,910
4563,7597,740,740,770,650,720,820,690,900
4563,7598,740,730,770,640,720,810,690,890
4563,7599,740,720,770,630,720,800,690,880
4563,7600,740,710,770,620,720,790,690,870
4563,7601,740,700,770,610,720,780,690,860
4563,7602,740,690,770,600,720,770,690,850
4563,7603,740,680,770,590,720,760,690,840
4563,7604,740,670,770,580,720,750,690,830
4563,7605,740,660,770,570,720,740,690,820
4563,7606,740,650,770,560,720,730,690,810
4563,7607,740,640,770,550,720,720,690,800
4563,7608,740,630,770,540,720,710,690,790
4563,7609,740,620,770,530,720,700,690,780
4563,7610,740,610,770,520,720,690,690,770
4563,7611,740,600,770,510,720,680,690,760
4563,7612,740,590,770,500,720,670,690,750
4563,7613,740,580,770,490,720,660,690,740
4563,7614,740,570,770,480,720,650,690,730
4563,7615,740,560,770,470,720,640,690,720
4563,7616,740,550,770,460,720,630,690,710
4563,7617,740,540,770,450,720,620,690,700
4563,7618,740,530,770,440,720,610,690,690
4563,7619,740,520,770,430,720,600,690,680
4563,7620,740,510,770,420,720,590,690,670
4563,7621,740,500,770,410,720,580,690,660
4563,7622,740,490,770,400,720,570,690,650
4563,7623,740,480,770,390,720,560,690,640
4563,7624,740,470,770,380,720,550,690,630
4563,7625,740,460,770,370,720,540,690,620
4563,7626,740,450,770,360,720,530,690,610
4563,7627,740,440,770,350,720,520,690,600
4563,7628,740,430,770,340,720,510,690,590
4563,7629,740,420,770,330,720,500,690,580
4563,7630,740,410,770,320,720,490,690,570
4563,7631,740,400,770,310,720,480,690,560
4563,7632,740,390,770,300,720,470,690,550
4563,7633,740,380,770,290,720,460,690,540
4563,7634,740,370,770,280,720,450,690,530
4563,7635,740,360,770,270,720,440,690,520
4563,7636,740,350,770,260,720,430,690,510
4563,7637,740,340,770,250,720,420,690,500
4563,7638,740,330,770,240,720,410,690,490
4563,7639,740,320,770,230,720,400,690,480
4563,7640,740,310,770,220,720,390,690,470
4563,7641,740,300,770,210,720,380,690,460
4563,7642,740,290,770,200,720,370,690,450
4563,7643,740,280,770,190,720,360,690,440
4563,7644,740,270,770,180,720,350,690,430
4563,7645,740,260,770,170,720,340,690,420
4563,7646,740,250,770,160,720,330,690,410
4563,7647,740,240,770,150,720,320,690,400
4563,7648,740,230,770,140,720,310,690,390
4563,7649,740,220,770,130,720,300,690,380
4563,7650,740,210,770,120,720,290,690,370
4563,7651,740,200,770,110,720,280,690,360
4563,7652,740,190,770,100,720,270,690,350
4563,7653,740,180,770,90,720,260,690,340
4563,7654,740,170,770,80,720,250,690,330
4563,7655,740,160,770,70,720,240,690,320
4563,7656,740,150,770,60,720,230,690,310
4563,7657,740,140,770,50,720,220,690,300
4563,7658,740,130,770,40,720,210,690,290
4565,7580,720,910,750,820,700,990,670,1070
4565,7581,720,900,750,810,700,980,670,1060
4565,7582,720,890,750,800,700,970,670,1050
4565,7583,720,880,750,790,700,960,670,1040
4565,7584,720,870,750,780,700,950,670,1030
4565,7585,720,860,750,770,700,940,670,1020
4565,7586,720,850,750,760,700,930,670,1010
4565,7587,720,840,750,750,700,920,670,1000
4565,7588,720,830,750,740,700,910,670,990
4565,7589,720,820,750,730,700,900,670,980
4565,7590,720,810,750,720,700,890,670,970
4565,7591,720,800,750,710,700,880,670,960
4565,7592,720,790,750,700,700,870,670,950
4565,7593,720,780,750,690,700,860,670,940
4565,7594,720,770,750,680,700,850,670,930
4565,7595,720,760,750,670,700,840,670,920
4565,7596,720,750,750,660,700,830,670,910
4565,7597,720,740,750,650,700,820,670,900
4565,7598,720,730,750,640,700,810,670,890
4565,7599,720,720,750,630,700,800,670,880
4565,7600,720,710,750,620,700,790,670,870
4565,7601,720,700,750,610,700,780,670,860
4565,7602,720,690,750,600,700,770,670,850
4565,7603,720,680,750,590,700,760,670,840
4565,7604,720,670,750,580,700,750,670,830
4565,7605,720,660,750,570,700,740,670,820
4565,7606,720,650,750,560,700,730,670,810
4565,7607,720,640,750,550,700,720,670,800
4565,7608,720,630,750,540,700,710,670,790
4565,7609,720,620,750,530,700,700,670,780
4565,7610,720,610,750,520,700,690,670,770
4565,7611,720,600,750,510,700,680,670,760
4565,7612,720,590,750,500,700,670,670,750
4565,7613,720,580,750,490,700,660,670,740
4565,7614,720,570,750,480,700,650,670,730
4565,7615,720,560,750,470,700,640,670,720
4565,7616,720,550,750,460,700,630,670,710
4565,7617,720,540,750,450,700,620,670,700
4565,7618,720,530,750,440,700,610,670,690
4565,7619,720,520,750,430,700,600,670,680
4565,7620,720,510,750,420,700,590,670,670
4565,7621,720,500,750,410,700,580,670,660
4565,7622,720,490,750,400,700,570,670,650
4565,7623,720,480,750,390,700,560,670,640
4565,7624,720,470,750,380,700,550,670,630
4565,7625,720,460,750,370,700,540,670,620
4565,7626,720,450,750,360,700,530,670,610
4565,7627,720,440,750,350,700,520,670,600
4565,7628,720,430,750,340,700,510,670,590
4565,7629,720,420,750,330,700,500,670,580
4565,7630,720,410,750,320,700,490,670,570
4565,7631,720,400,750,310,700,480,670,560
4565,7632,720,390,750,300,700,470,670,550
4565,7633,720,380,750,290,700,460,670,540
4565,7634,720,370,750,280,700,450,670,530
4565,7635,720,360,750,270,700,440,670,520
4565,7636,720,350,750,260,700,430,670,510
4565,7637,720,340,750,250,700,420,670,500
4565,7638,720,330,750,240,700,410,670,490
4565,7639,720,320,750,230,700,400,670,480
4565,7640,720,310,750,220,700,390,670,470
4565,7641,720,300,750,210,700,380,670,460
4565,7642,720,290,750,200,700,370,670,450
4565,7643,720,280,750,190,700,360,670,440
4565,7644,720,270,750,180,700,350,670,430
4565,7645,720,260,750,170,700,340,670,420
4565,7646,720,250,750,160,700,330,670,410
4565,7647,720,240,750,150,700,320,670,400
4565,7648,720,230,750,140,700,310,670,390
4565,7649,720,220,750,130,700,300,670,380
4565,7650,720,210,750,120,700,290,670,370
4565,7651,720,200,750,110,700,280,670,360
4565,7652,720,190,750,100,700,270,670,350
4565,7653,720,180,750,90,700,260,670,340
4565,7654,720,170,750,80,700,250,670,330
4565,7655,720,160,750,70,700,240,670,320
4565,7656,720,150,750,60,700,230,670,310
4565,7657,720,140,750,50,700,220,670,300
4565,7658,720,130,750,40,700,210,670,290
4567,7580,700,910,730,820,680,990,650,1070
4567,7581,700,900,730,810,680,980,650,1060
4567,7582,700,890,730,800,680,970,650,1050
4567,7583,700,880,730,790,680,960,650,1040
4567,7584,700,870,730,780,680,950,650,1030
4567,7585,700,860,730,770,680,940,650,1020
4567,7586,700,850,730,760,680,930,650,1010
4567,7587,700,840,730,750,680,920,650,1000
4567,7588,700,830,730,740,680,910,650,990
4567,7589,700,820,730,730,680,900,650,980
4567,7590,700,810,730,720,680,890,650,970
4567,7591,700,800,730,710,680,880,650,960
4567,7592,700,790,730,700,680,870,650,950
4567,7593,700,780,730,690,680,860,650,940
4567,7594,700,770,730,680,680,850,650,930
4567,7595,700,760,730,670,680,840,650,920
4567,7596,700,750,730,660,680,830,650,910
4567,7597,700,740,730,650,680,820,650,900
4567,7598,700,730,730,640,680,810,650,890
4567,7599,700,720,730,630,680,800,650,880
4567,7600,700,710,730,620,680,790,650,870
4567,7601,700,700,730,610,680,780,650,860
4567,7602,700,690,730,600,680,770,650,850
4567,7603,700,680,730,590,680,760,650,840
4567,7604,700,670,730,580,680,750,650,830
4567,7605,700,660,730,570,680,740,650,820
4567,7606,700,650,730,560,680,730,650,810
4567,7607,700,640,730,550,680,720,650,800
4567,7608,700,630,730,540,680,710,650,790
4567,7609,700,620,730,530,680,700,650,780
4567,7610,700,610,730,520,680,690,650,770
4567,7611,700,600,730,510,680,680,650,760
4567,7612,700,590,730,500,680,670,650,750
4567,7613,700,580,730,490,680,660,650,740
4567,7614,700,570,730,480,680,650,650,730
4567,7615,700,560,730,470,680,640,650,720
4567,7616,700,550,730,460,680,630,650,710
4567,7617,700,540,730,450,680,620,650,700
4567,7618,700,530,730,440,680,610,650,690
4567,7619,700,520,730,430,680,600,650,680
4567,7620,700,510,730,420,680,590,650,670
4567,7621,700,500,730,410,680,580,650,660
4567,7622,700,490,730,400,680,570,650,650
4567,7623,700,480,730,390,680,560,650,640
4567,7624,700,470,730,380,680,550,650,630
4567,7625,700,460,730,370,680,540,650,620
4567,7626,700,450,730,360,680,530,650,610
4567,7627,700,440,730,350,680,520,650,600
4567,7628,700,430,730,340,680,510,650,590
4567,7629,700,420,730,330,680,500,650,580
4567,7630,700,410,730,320,680,490,650,570
4567,7631,700,400,730,310,680,480,650,560
4567,7632,700,390,730,300,680,470,650,550
4567,7633,700,380,730,290,680,460,650,540
4567,7634,700,370,730,280,680,450,650,530
4567,7635,700,360,730,270,680,440,650,520
4567,7636,700,350,730,260,680,430,650,510
4567,7637,700,340,730,250,680,420,650,500
4567,7638,700,330,730,240,680,410,650,490
4567,7639,700,320,730,230,680,400,650,480
4567,7640,700,310,730,220,680,390,650,470
4567,7641,700,300,730,210,680,380,650,460
4567,7642,700,290,730,200,680,370,650,450
4567,7643,700,280,730,190,680,360,650,440
4567,7644,700,270,730,180,680,350,650,430
4567,7645,700,260,730,170,680,340,650,420
4567,7646,700,250,730,160,680,330,650,410
4567,7647,700,240,730,150,680,320,650,400
4567,7648,700,230,730,140,680,310,650,390
4567,7649,700,220,730,130,680,300,650,380
4567,7650,700,210,730,120,680,290,650,370
4567,7651,700,200,730,110,680,280,650,360
4567,7652,700,190,730,100,680,270,650,350
4567,7653,700,180,730,90,680,260,650,340
4567,7654,700,170,730,80,680,250,650,330
4567,7655,700,160,730,70,680,240,650,320
4567,7656,700,150,730,60,680,230,650,310
4567,7657,700,140,730,50,680,220,650,300
4567,7658,700,130,730,40,680,210,650,290
4569,7580,680,910,710,820,660,990,630,1070
4569,7581,680,900,710,810,660,980,630,1060
4569,7582,680,890,710,800,660,970,630,1050
4569,7583,680,880,710,790,660,960,630,1040
4569,7584,680,870,710,780,660,950,630,1030
4569,7585,680,860,710,770,660,940,630,1020
4569,7586,680,850,710,760,660,930,630,1010
4569,7587,680,840,710,750,660,920,630,1000
4569,7588,680,830,710,740,660,910,630,990
4569,7589,680,820,710,730,660,900,630,980
4569,7590,680,810,710,720,660,890,630,970
4569,7591,680,800,710,710,660,880,630,960
4569,7592,680,790,710,700,660,870,630,950
4569,7593,680,780,710,690,660,860,630,940
4569,7594,680,770,710,680,660,850,630,930
4569,7595,680,760,710,670,660,840,630,920
4569,7596,680,750,710,660,660,830,630,910
4569,7597,680,740,710,650,660,820,630,900
4569,7598,680,730,710,640,660,810,630,890
4569,7599,680,720,710,630,660,800,630,880
4569,7600,680,710,710,620,660,790,630,870
4569,7601,680,700,710,610,660,780,630,860
4569,7602,680,690,710,600,660,770,630,850
4569,7603,680,680,710,590,660,760,630,840
4569,7604,680,670,710,580,660,750,630,830
4569,7605,680,660,710,570,660,740,630,820
4569,7606,680,650,710,560,660,730,630,810
4569,7607,680,640,710,550,660,720,630,800
4569,7608,680,630,710,540,660,710,630,790
4569,7609,680,620,710,530,660,700,630,780
4569,7610,680,610,710,520,660,690,630,770
4569,7611,680,600,710,510,660,680,630,760
4569,7612,680,590,710,500,660,670,630,750
4569,7613,680,580,710,490,660,660,630,740
4569,7614,680,570,710,480,660,650,630,730
4569,7615,680,560,710,470,660,640,630,720
4569,7616,680,550,710,460,660,630,630,710
4569,7617,680,540,710,450,660,620,630,700
4569,7618,680,530,710,440,660,610,630,690
4569,7619,680,520,710,430,660,600,630,680
4569,7620,680,510,710,420,660,590,630,670
4569,7621,680,500,710,410,660,580,630,660
4569,7622,680,490,710,400,660,570,630,650
4569,7623,680,480,710,390,660,560,630,640
4569,7624,680,470,710,380,660,550,630,630
4569,7625,680,460,710,370,660,540,630,620
4569,7626,680,450,710,360,660,530,630,610
4569,7627,680,440,710,350,660,520,630,600
4569,7628,680,430,710,340,660,510,630,590
4569,7629,680,420,710,330,660,500,630,580
4569,7630,680,410,710,320,660,490,630,570
4569,7631,680,400,710,310,660,480,630,560
4569,7632,680,390,710,300,660,470,630,550
4569,7633,680,380,710,290,660,460,630,540
4569,7634,680,370,710,280,660,450,630,530
4569,7635,680,360,710,270,660,440,630,520
4569,7636,680,350,710,260,660,430,630,510
4569,7637,680,340,710,250,660,420,630,500
4569,7638,680,330,710,240,660,410,630,490
4569,7639,680,320,710,230,660,400,630,480
4569,7640,680,310,710,220,660,390,630,470
4569,7641,680,300,710,210,660,380,630,460
4569,7642,680,290,710,200,660,370,630,450
4569,7643,680,280,710,190,660,360,630,440
4569,7644,680,270,710,180,660,350,630,430
4569,7645,680,260,710,170,660,340,630,420
4569,7646,680,250,710,160,660,330,630,410
4569,7647,680,240,710,150,660,320,630,400
4569,7648,680,230,710,140,660,310,630,390
4569,7649,680,220,710,130,660,300,630,380
4569,7650,680,210,710,120,660,290,630,370
4569,7651,680,200,710,110,660,280,630,360
4569,7652,680,190,710,100,660,270,630,350
4569,7653,680,180,710,90,660,260,630,340
4569,7654,680,170,710,80,660,250,630,330
4569,7655,680,160,710,70,660,240,630,320
4569,7656,680,150,710,60,660,230,630,310
4569,7657,680,140,710,50,660,220,630,300
4569,7658,680,130,710,40,660,210,630,290
4550,7621,870,500,900,410,850,580,820,660
4551,7621,860,500,890,410,840,580,810,660
4552,7621,850,500,880,410,830,580,800,660
4553,7621,840,500,870,410,820,580,790,660
4554,7621,830,500,860,410,810,580,780,660
4555,7621,820,500,850,410,800,580,770,660
4556,7621,810,500,840,410,790,580,760,660
4557,7621,800,500,830,410,780,580,750,660
4558,7621,790,500,820,410,770,580,740,660
4559,7621,780,500,810,410,760,580,730,660
4560,7621,770,500,800,410,750,580,720,660
4562,7621,750,500,780,410,730,580,700,660
4564,7621,730,500,760,410,710,580,680,660
4566,7621,710,500,740,410,690,580,660,660
4568,7621,690,500,720,410,670,580,640,660
4570,7621,670,500,700,410,650,580,620,660
4571,7621,660,500,690,410,640,580,610,660
4572,7621,650,500,680,410,630,580,600,660
4573,7621,640,500,670,410,620,580,590,660
4574,7621,630,500,660,410,610,580,580,660
4575,7621,620,500,650,410,600,580,570,660
4576,7621,610,500,640,410,590,580,560,660
4577,7621,600,500,630,410,580,580,550,660
4578,7621,590,500,620,410,570,580,540,660
4579,7621,580,500,610,410,560,580,530,660
4580,7621,570,500,600,410,550,580,520,660
4581,7621,560,500,590,410,540,580,510,660
4582,7621,550,500,580,410,530,580,500,660
4583,7621,540,500,570,410,520,580,490,660
4584,7621,530,500,560,410,510,580,480,660
4585,7621,520,500,550,410,500,580,470,660
4586,7621,510,500,540,410,490,580,460,660
4587,7621,500,500,530,410,480,580,450,660
4588,7621,490,500,520,410,470,580,440,660
4589,7621,480,500,510,410,460,580,430,660
4590,7621,470,500,500,410,450,580,420,660
4591,7621,460,500,490,410,440,580,410,660
4592,7621,450,500,480,410,430,580,400,660
4593,7621,440,500,470,410,420,580,390,660
4594,7621,430,500,460,410,410,580,380,660
4595,7621,420,500,450,410,400,580,370,660
4596,7621,410,500,440,410,390,580,360,660
4597,7621,400,500,430,410,380,580,350,660
4598,7621,390,500,420,410,370,580,340,660
4599,7621,380,500,410,410,360,580,330,660
4600,7621,370,500,400,410,350,580,320,660
4601,7621,360,500,390,410,340,580,310,660
4602,7621,350,500,380,410,330,580,300,660
4603,7621,340,500,370,410,320,580,290,660
4604,7621,330,500,360,410,310,580,280,660
4605,7621,320,500,350,410,300,580,270,660
4606,7621,310,500,340,410,290,580,260,660
4607,7621,300,500,330,410,280,580,250,660
4608,7621,290,500,320,410,270,580,240,660
4609,7621,280,500,310,410,260,580,230,660
4610,7621,270,500,300,410,250,580,220,660
4611,7621,260,500,290,410,240,580,210,660
4612,7621,250,500,280,410,230,580,200,660
4613,7621,240,500,270,410,220,580,190,660
4614,7621,230,500,260,410,210,580,180,660
4615,7621,220,500,250,410,200,580,170,660
4616,7621,210,500,240,410,190,580,160,660
4617,7621,200,500,230,410,180,580,150,660
4618,7621,190,500,220,410,170,580,140,660
4550,7619,870,520,900,430,850,600,820,680
4551,7619,860,520,890,430,840,600,810,680
4552,7619,850,520,880,430,830,600,800,680
4553,7619,840,520,870,430,820,600,790,680
4554,7619,830,520,860,430,810,600,780,680
4555,7619,820,520,850,430,800,600,770,680
4556,7619,810,520,840,430,790,600,760,680
4557,7619,800,520,830,430,780,600,750,680
4558,7619,790,520,820,430,770,600,740,680
4559,7619,780,520,810,430,760,600,730,680
4560,7619,770,520,800,430,750,600,720,680
4562,7619,750,520,780,430,730,600,700,680
4564,7619,730,520,760,430,710,600,680,680
4566,7619,710,520,740,430,690,600,660,680
4568,7619,690,520,720,430,670,600,640,680
4570,7619,670,520,700,430,650,600,620,680
4571,7619,660,520,690,430,640,600,610,680
4572,7619,650,520,680,430,630,600,600,680
4573,7619,640,520,670,430,620,600,590,680
4574,7619,630,520,660,430,610,600,580,680
4575,7619,620,520,650,430,600,600,570,680
4576,7619,610,520,640,430,590,600,560,680
4577,7619,600,520,630,430,580,600,550,680
4578,7619,590,520,620,430,570,600,540,680
4579,7619,580,520,610,430,560,600,530,680
4580,7619,570,520,600,430,550,600,520,680
4581,7619,560,520,590,430,540,600,510,680
4582,7619,550,520,580,430,530,600,500,680
4583,7619,540,520,570,430,520,600,490,680
4584,7619,530,520,560,430,510,600,480,680
4585,7619,520,520,550,430,500,600,470,680
4586,7619,510,520,540,430,490,600,460,680
4587,7619,500,520,530,430,480,600,450,680
4588,7619,490,520,520,430,470,600,440,680
4589,7619,480,520,510,430,460,600,430,680
4590,7619,470,520,500,430,450,600,420,680
4591,7619,460,520,490,430,440,600,410,680
4592,7619,450,520,480,430,430,600,400,680
4593,7619,440,520,470,430,420,600,390,680
4594,7619,430,520,460,430,410,600,380,680
4595,7619,420,520,450,430,400,600,370,680
4596,7619,410,520,440,430,390,600,360,680
4597,7619,400,520,430,430,380,600,350,680
4598,7619,390,520,420,430,370,600,340,680
4599,7619,380,520,410,430,360,600,330,680
4600,7619,370,520,400,430,350,600,320,680
4601,7619,360,520,390,430,340,600,310,680
4602,7619,350,520,380,430,330,600,300,680
4603,7619,340,520,370,430,320,600,290,680
4604,7619,330,520,360,430,310,600,280,680
4605,7619,320,520,350,430,300,600,270,680
4606,7619,310,520,340,430,290,600,260,680
4607,7619,300,520,330,430,280,600,250,680
4608,7619,290,520,320,430,270,600,240,680
4609,7619,280,520,310,430,260,600,230,680
4610,7619,270,520,300,430,250,600,220,680
4611,7619,260,520,290,430,240,600,210,680
4612,7619,250,520,280,430,230,600,200,680
4613,7619,240,520,270,430,220,600,190,680
4614,7619,230,520,260,430,210,600,180,680
4615,7619,220,520,250,430,200,600,170,680
4616,7619,210,520,240,430,190,600,160,680
4617,7619,200,520,230,430,180,600,150,680
4618,7619,190,520,220,430,170,600,140,680
4550,7623,870,480,900,390,850,560,820,640
4552,7623,850,480,880,390,830,560,800,640
4554,7623,830,480,860,390,810,560,780,640
4556,7623,810,480,840,390,790,560,760,640
4558,7623,790,480,820,390,770,560,740,640
4560,7623,770,480,800,390,750,560,720,640
4562,7623,750,480,780,390,730,560,700,640
4564,7623,730,480,760,390,710,560,680,640
4566,7623,710,480,740,390,690,560,660,640
4568,7623,690,480,720,390,670,560,640,640
4570,7623,670,480,700,390,650,560,620,640
4572,7623,650,480,680,390,630,560,600,640
4574,7623,630,480,660,390,610,560,580,640
4576,7623,610,480,640,390,590,560,560,640
4578,7623,590,480,620,390,570,560,540,640
4580,7623,570,480,600,390,550,560,520,640
4582,7623,550,480,580,390,530,560,500,640
4584,7623,530,480,560,390,510,560,480,640
4586,7623,510,480,540,390,490,560,460,640
4588,7623,490,480,520,390,470,560,440,640
4590,7623,470,480,500,390,450,560,420,640
4592,7623,450,480,480,390,430,560,400,640
4594,7623,430,480,460,390,410,560,380,640
4596,7623,410,480,440,390,390,560,360,640
4598,7623,390,480,420,390,370,560,340,640
4600,7623,370,480,400,390,350,560,320,640
4602,7623,350,480,380,390,330,560,300,640
4604,7623,330,480,360,390,310,560,280,640
4606,7623,310,480,340,390,290,560,260,640
4608,7623,290,480,320,390,270,560,240,640
4610,7623,270,480,300,390,250,560,220,640
4612,7623,250,480,280,390,230,560,200,640
4614,7623,230,480,260,390,210,560,180,640
4616,7623,210,480,240,390,190,560,160,640
4618,7623,190,480,220,390,170,560,140,640
4550,7617,870,540,900,450,850,620,820,700
4552,7617,850,540,880,450,830,620,800,700
4554,7617,830,540,860,450,810,620,780,700
4556,7617,810,540,840,450,790,620,760,700
4558,7617,790,540,820,450,770,620,740,700
4560,7617,770,540,800,450,750,620,720,700
4562,7617,750,540,780,450,730,620,700,700
4564,7617,730,540,760,450,710,620,680,700
4566,7617,710,540,740,450,690,620,660,700
4568,7617,690,540,720,450,670,620,640,700
4570,7617,670,540,700,450,650,620,620,700
4572,7617,650,540,680,450,630,620,600,700
4574,7617,630,540,660,450,610,620,580,700
4576,7617,610,540,640,450,590,620,560,700
4578,7617,590,540,620,450,570,620,540,700
4580,7617,570,540,600,450,550,620,520,700
4582,7617,550,540,580,450,530,620,500,700
4584,7617,530,540,560,450,510,620,480,700
4586,7617,510,540,540,450,490,620,460,700
4588,7617,490,540,520,450,470,620,440,700
4590,7617,470,540,500,450,450,620,420,700
4592,7617,450,540,480,450,430,620,400,700
4594,7617,430,540,460,450,410,620,380,700
4596,7617,410,540,440,450,390,620,360,700
4598,7617,390,540,420,450,370,620,340,700
4600,7617,370,540,400,450,350,620,320,700
4602,7617,350,540,380,450,330,620,300,700
4604,7617,330,540,360,450,310,620,280,700
4606,7617,310,540,340,450,290,620,260,700
4608,7617,290,540,320,450,270,620,240,700
4610,7617,270,540,300,450,250,620,220,700
4612,7617,250,540,280,450,230,620,200,700
4614,7617,230,540,260,450,210,620,180,700
4616,7617,210,540,240,450,190,620,160,700
4618,7617,190,540,220,450,170,620,140,700
4571,7611,660,600,690,510,640,680,610,760
4571,7613,660,580,690,490,640,660,610,740
4571,7615,660,560,690,470,640,640,610,720
4571,7617,660,540,690,450,640,620,610,700
4571,7623,660,480,690,390,640,560,610,640
4571,7625,660,460,690,370,640,540,610,620
4571,7627,660,440,690,350,640,520,610,600
4551,7617,860,540,890,450,840,620,810,700
4553,7617,840,540,870,450,820,620,790,700
4555,7617,820,540,850,450,800,620,770,700
4557,7617,800,540,830,450,780,620,750,700
4559,7617,780,540,810,450,760,620,730,700
4571,7617,660,540,690,450,640,620,610,700
4573,7617,640,540,670,450,620,620,590,700
4575,7617,620,540,650,450,600,620,570,700
4551,7618,860,530,890,440,840,610,810,690
4553,7618,840,530,870,440,820,610,790,690
4555,7618,820,530,850,440,800,610,770,690
4557,7618,800,530,830,440,780,610,750,690
4559,7618,780,530,810,440,760,610,730,690
4571,7618,660,530,690,440,640,610,610,690
4573,7618,640,530,670,440,620,610,590,690
4575,7618,620,530,650,440,600,610,570,690
4551,7620,860,510,890,420,840,590,810,670
4553,7620,840,510,870,420,820,590,790,670
4555,7620,820,510,850,420,800,590,770,670
4557,7620,800,510,830,420,780,590,750,670
4559,7620,780,510,810,420,760,590,730,670
4571,7620,660,510,690,420,640,590,610,670
4573,7620,640,510,670,420,620,590,590,670
4575,7620,620,510,650,420,600,590,570,670
4551,7622,860,490,890,400,840,570,810,650
4553,7622,840,490,870,400,820,570,790,650
4555,7622,820,490,850,400,800,570,770,650
4557,7622,800,490,830,400,780,570,750,650
4559,7622,780,490,810,400,760,570,730,650
4571,7622,660,490,690,400,640,570,610,650
4573,7622,640,490,670,400,620,570,590,650
4575,7622,620,490,650,400,600,570,570,650
4551,7623,860,480,890,390,840,560,810,640
4553,7623,840,480,870,390,820,560,790,640
4555,7623,820,480,850,390,800,560,770,640
4557,7623,800,480,830,390,780,560,750,640
4559,7623,780,480,810,390,760,560,730,640
4573,7623,640,480,670,390,620,560,590,640
4575,7623,620,480,650,390,600,560,570,640
4551,7624,860,470,890,380,840,550,810,630
4553,7624,840,470,870,380,820,550,790,630
4555,7624,820,470,850,380,800,550,770,630
4557,7624,800,470,830,380,780,550,750,630
4559,7624,780,470,810,380,760,550,730,630
4571,7624,660,470,690,380,640,550,610,630
4573,7624,640,470,670,380,620,550,590,630
4575,7624,620,470,650,380,600,550,570,630
4560,7625,770,460,800,370,750,540,720,620
4562,7625,750,460,780,370,730,540,700,620
4564,7625,730,460,760,370,710,540,680,620
